date,open,high,low,close,volume,pe,pb,dy
2013-06-10,6890.09,6890.09,6890.09,6890.09,181696028.0,16.8,2.04,1.52
2013-06-11,6763.52,6763.52,6763.52,6763.52,283651025.0,16.46,2.0,1.55
2013-06-12,6715.74,6715.74,6715.74,6715.74,277720059.0,16.33,1.99,1.56
2013-06-13,6620.55,6620.55,6620.55,6620.55,222570923.0,16.1,1.96,1.59
2013-06-14,6731.48,6731.48,6731.48,6731.48,195154695.0,16.37,2.0,1.56
2013-06-17,6783.69,6783.69,6783.69,6783.69,171741412.0,16.5,2.01,1.55
2013-06-18,6787.49,6787.49,6787.49,6787.49,220214141.0,15.72,2.01,1.55
2013-06-19,6817.12,6817.12,6817.12,6817.12,218289686.0,15.8,2.02,1.54
2013-06-20,6623.19,6623.19,6623.19,6623.19,283346847.0,15.36,1.96,1.59
2013-06-21,6574.5,6574.5,6574.5,6574.5,284457712.0,15.24,1.95,1.6
2013-06-24,6437.52,6437.52,6437.52,6437.52,268380863.0,15.02,1.91,1.63
2013-06-25,6442.01,6442.01,6442.01,6442.01,290288924.0,15.04,1.91,1.63
2013-06-26,6419.36,6419.36,6419.36,6419.36,245098784.0,14.98,1.9,1.64
2013-06-27,6483.85,6483.85,6483.85,6483.85,351703010.0,15.16,1.9,1.62
2013-06-28,6665.35,6665.35,6665.35,6665.35,323030922.0,15.59,1.93,1.59
2013-07-01,6810.94,6810.94,6810.94,6810.94,250390707.0,15.28,1.93,1.65
2013-07-02,6780.9,6780.9,6780.9,6780.9,245943587.0,15.21,1.92,1.65
2013-07-03,6631.04,6631.04,6631.04,6631.04,252020244.0,14.87,1.88,1.69
2013-07-04,6669.49,6669.49,6669.49,6669.49,273876621.0,14.96,1.88,1.68
2013-07-05,6696.01,6696.01,6696.01,6696.01,205998267.0,15.02,1.89,1.67
2013-07-08,6668.38,6668.38,6668.38,6668.38,251391333.0,14.98,1.89,1.68
2013-07-09,6741.44,6741.44,6741.44,6741.44,215130740.0,15.15,1.91,1.66
2013-07-10,6701.79,6701.79,6701.79,6701.79,208220168.0,15.06,1.9,1.67
2013-07-11,6793.07,6793.07,6793.07,6793.07,195175908.0,15.26,1.92,1.65
2013-07-12,6830.38,6830.38,6830.38,6830.38,207088824.0,15.35,1.93,1.64
2013-07-15,6879.68,6879.68,6879.68,6879.68,195428381.0,15.45,1.95,1.63
2013-07-16,6773.04,6773.04,6773.04,6773.04,273692685.0,15.21,1.92,1.65
2013-07-17,6738.91,6738.91,6738.91,6738.91,335239935.0,15.13,1.91,1.66
2013-07-18,6825.96,6825.96,6825.96,6825.96,278871855.0,15.35,1.93,1.64
2013-07-19,6794.2,6794.2,6794.2,6794.2,258493391.0,15.28,1.92,1.65
2013-07-22,6781.48,6781.48,6781.48,6781.48,196664514.0,15.29,1.92,1.65
2013-07-23,6827.57,6827.57,6827.57,6827.57,223088701.0,15.38,1.94,1.64
2013-07-24,6691.55,6691.55,6691.55,6691.55,261108684.0,15.14,1.9,1.67
2013-07-25,6612.28,6612.28,6612.28,6612.28,360178107.0,14.91,1.88,1.69
2013-07-26,6553.57,6553.57,6553.57,6553.57,287104679.0,14.76,1.86,1.71
2013-07-29,6470.07,6470.07,6470.07,6470.07,248484895.0,14.57,1.83,1.73
2013-07-30,6333.05,6333.05,6333.05,6333.05,270558371.0,14.27,1.79,1.77
2013-07-31,6345.4,6345.4,6345.4,6345.4,385510321.0,14.28,1.8,1.76
2013-08-01,6244.69,6244.69,6244.69,6244.69,358613944.0,14.11,1.77,1.79
2013-08-02,6152.73,6152.73,6152.73,6152.73,354685346.0,13.85,1.74,1.82
2013-08-05,6184.97,6184.97,6184.97,6184.97,304057259.0,13.95,1.75,1.81
2013-08-06,6025.75,6025.75,6025.75,6025.75,345336085.0,13.59,1.71,1.86
2013-08-07,6093.28,6093.28,6093.28,6093.28,352812107.0,13.71,1.73,1.84
2013-08-08,6179.83,6179.83,6179.83,6179.83,294620937.0,13.89,1.75,1.81
2013-08-12,6259.77,6259.77,6259.77,6259.77,289986830.0,14.05,1.77,1.79
2013-08-13,6359.34,6359.34,6359.34,6359.34,323016958.0,14.33,1.8,1.76
2013-08-14,6417.48,6417.48,6417.48,6417.48,324767435.0,14.43,1.82,1.74
2013-08-16,6153.01,6153.01,6153.01,6153.01,370187757.0,13.86,1.74,1.82
2013-08-19,6044.02,6044.02,6044.02,6044.02,334643554.0,11.44,1.71,1.85
2013-08-20,6036.86,6036.86,6036.86,6036.86,373187039.0,11.43,1.71,1.85
2013-08-21,5914.67,5914.67,5914.67,5914.67,397997031.0,11.19,1.67,1.89
2013-08-22,6050.68,6050.68,6050.68,6050.68,418706322.0,11.47,1.71,1.85
2013-08-23,6117.56,6117.56,6117.56,6117.56,363396503.0,11.58,1.73,1.83
2013-08-26,6145.74,6145.74,6145.74,6145.74,339392418.0,11.63,1.74,1.82
2013-08-27,5937.84,5937.84,5937.84,5937.84,408411770.0,11.2,1.68,1.89
2013-08-28,5917.73,5917.73,5917.73,5917.73,467271992.0,11.16,1.68,1.89
2013-08-29,6037.5,6037.5,6037.5,6037.5,477923813.0,11.39,1.71,1.85
2013-08-30,6075.04,6075.04,6075.04,6075.04,455444593.0,11.46,1.72,1.84
2013-09-02,6171.22,6171.22,6171.22,6171.22,302828460.0,11.64,1.75,1.81
2013-09-03,5971.94,5971.94,5971.94,5971.94,358550925.0,11.27,1.69,1.88
2013-09-04,6086.77,6086.77,6086.77,6086.77,333008368.0,11.49,1.72,1.84
2013-09-05,6213.58,6213.58,6213.58,6213.58,410811730.0,11.73,1.76,1.8
2013-09-06,6275.97,6275.97,6275.97,6275.97,366134211.0,11.85,1.78,1.78
2013-09-10,6453.67,6453.67,6453.67,6453.67,386847401.0,12.15,1.85,1.73
2013-09-11,6541.27,6541.27,6541.27,6541.27,396905574.0,12.32,1.88,1.71
2013-09-12,6454.75,6454.75,6454.75,6454.75,399247639.0,12.16,1.84,1.75
2013-09-13,6503.59,6503.59,6503.59,6503.59,304960064.0,12.25,1.83,1.72
2013-09-16,6449.68,6449.68,6449.68,6449.68,315000112.0,12.15,1.8,1.74
2013-09-17,6447.2,6447.2,6447.2,6447.2,224110868.0,12.14,1.79,1.77
2013-09-18,6485.66,6485.66,6485.66,6485.66,222075570.0,12.21,1.79,1.81
2013-09-19,6729.73,6729.73,6729.73,6729.73,456537662.0,12.67,1.85,1.73
2013-09-20,6662.45,6662.45,6662.45,6662.45,507693945.0,12.55,1.83,1.77
2013-09-23,6542.88,6542.88,6542.88,6542.88,315428351.0,12.32,1.79,1.8
2013-09-24,6539.65,6539.65,6539.65,6539.65,310007834.0,12.32,1.78,1.81
2013-09-25,6558.47,6558.47,6558.47,6558.47,320741019.0,12.35,1.78,1.82
2013-09-26,6565.26,6565.26,6565.26,6565.26,337965142.0,12.36,1.78,1.82
2013-09-27,6535.23,6535.23,6535.23,6535.23,241115987.0,10.97,1.72,1.98
2013-09-30,6439.89,6439.89,6439.89,6439.89,234300242.0,10.81,1.69,2.0
2013-10-01,6488.31,6488.31,6488.31,6488.31,242161228.0,10.92,1.68,2.0
2013-10-03,6643.75,6643.75,6643.75,6643.75,300513838.0,11.18,1.72,1.96
2013-10-04,6653.45,6653.45,6653.45,6653.45,294600419.0,11.2,1.72,1.96
2013-10-07,6683.01,6683.01,6683.01,6683.01,229923162.0,11.25,1.73,1.95
2013-10-08,6685.9,6685.9,6685.9,6685.9,243312928.0,11.25,1.73,1.95
2013-10-10,6805.77,6805.77,6805.77,6805.77,235132465.0,11.45,1.76,1.92
2013-10-11,6836.75,6836.75,6836.75,6836.75,253204783.0,11.51,1.77,1.91
2013-10-14,6846.44,6846.44,6846.44,6846.44,202796136.0,11.53,1.77,1.91
2013-10-15,6787.0,6787.0,6787.0,6787.0,298098957.0,11.43,1.76,1.92
2013-10-17,6756.3,6756.3,6756.3,6756.3,308908600.0,11.36,1.75,1.93
2013-10-18,6891.23,6891.23,6891.23,6891.23,328519073.0,11.58,1.79,1.89
2013-10-21,6981.24,6981.24,6981.24,6981.24,303913825.0,11.73,1.81,1.87
2013-10-22,6998.87,6998.87,6998.87,6998.87,267327538.0,11.75,1.82,1.86
2013-10-23,6984.85,6984.85,6984.85,6984.85,293902237.0,11.68,1.82,1.87
2013-10-24,6980.96,6980.96,6980.96,6980.96,283690879.0,11.67,1.82,1.87
2013-10-25,6910.34,6910.34,6910.34,6910.34,219953736.0,11.54,1.8,1.89
2013-10-28,6831.45,6831.45,6831.45,6831.45,209410066.0,11.43,1.78,1.91
2013-10-29,6983.08,6983.08,6983.08,6983.08,291213837.0,11.68,1.82,1.87
2013-10-30,7010.21,7010.21,7010.21,7010.21,268415580.0,11.73,1.83,1.86
2013-10-31,7103.21,7103.21,7103.21,7103.21,375581224.0,11.88,1.85,1.84
2013-11-01,7173.87,7173.87,7173.87,7173.87,333876550.0,12.0,1.87,1.82
2013-11-05,7193.97,7193.97,7193.97,7193.97,294074764.0,12.16,1.87,1.82
2013-11-06,7135.77,7135.77,7135.77,7135.77,245609945.0,12.14,1.86,1.83
2013-11-07,7042.16,7042.16,7042.16,7042.16,263776484.0,11.97,1.83,1.86
2013-11-08,7026.38,7026.38,7026.38,7026.38,229533456.0,11.99,1.83,1.86
2013-11-11,6944.05,6944.05,6944.05,6944.05,247461659.0,11.85,1.81,1.88
2013-11-12,6884.02,6884.02,6884.02,6884.02,243901763.0,11.75,1.79,1.9
2013-11-13,6854.86,6854.86,6854.86,6854.86,270112159.0,11.7,1.78,1.91
2013-11-14,6970.1,6970.1,6970.1,6970.1,238520632.0,11.89,1.81,1.88
2013-11-18,7101.49,7101.49,7101.49,7101.49,240491247.0,12.1,1.85,1.84
2013-11-19,7109.97,7109.97,7109.97,7109.97,237182817.0,12.59,1.85,1.84
2013-11-20,7036.87,7036.87,7036.87,7036.87,236933325.0,12.44,1.83,1.86
2013-11-21,6896.14,6896.14,6896.14,6896.14,219594254.0,12.19,1.79,1.9
2013-11-22,6899.95,6899.95,6899.95,6899.95,202270485.0,12.52,1.79,1.92
2013-11-25,7034.62,7034.62,7034.62,7034.62,208698904.0,12.69,1.83,1.88
2013-11-26,6976.74,6976.74,6976.74,6976.74,297262559.0,12.64,1.81,1.89
2013-11-27,6970.71,6970.71,6970.71,6970.71,193822372.0,12.71,1.81,1.9
2013-11-28,7031.78,7031.78,7031.78,7031.78,286928180.0,12.77,1.82,1.89
2013-11-29,7144.26,7144.26,7144.26,7144.26,270605679.0,12.96,1.85,1.86
2013-12-02,7202.44,7202.44,7202.44,7202.44,210243962.0,13.06,1.87,1.84
2013-12-03,7192.13,7192.13,7192.13,7192.13,218721975.0,13.05,1.87,1.85
2013-12-04,7149.93,7149.93,7149.93,7149.93,254002917.0,12.97,1.85,1.86
2013-12-05,7241.93,7241.93,7241.93,7241.93,279832487.0,13.14,1.88,1.83
2013-12-06,7280.67,7280.67,7280.67,7280.67,236460802.0,13.19,1.89,1.82
2013-12-09,7391.34,7391.34,7391.34,7391.34,291069290.0,13.39,1.92,1.8
2013-12-10,7324.86,7324.86,7324.86,7324.86,317213599.0,13.27,1.9,1.81
2013-12-11,7268.46,7268.46,7268.46,7268.46,215888624.0,13.17,1.89,1.83
2013-12-12,7192.17,7192.17,7192.17,7192.17,215338668.0,13.03,1.87,1.85
2013-12-13,7078.54,7078.54,7078.54,7078.54,232245493.0,12.82,1.84,1.88
2013-12-16,7094.1,7094.1,7094.1,7094.1,208116840.0,12.86,1.84,1.87
2013-12-17,7096.22,7096.22,7096.22,7096.22,212999617.0,12.95,1.84,1.87
2013-12-18,7215.75,7215.75,7215.75,7215.75,323767597.0,13.17,1.87,1.84
2013-12-19,7172.93,7172.93,7172.93,7172.93,503620941.0,13.09,1.86,1.85
2013-12-20,7292.53,7292.53,7292.53,7292.53,245520934.0,13.31,1.89,1.82
2013-12-23,7358.59,7358.59,7358.59,7358.59,202682191.0,13.43,1.91,1.8
2013-12-24,7361.89,7361.89,7361.89,7361.89,165108542.0,13.44,1.91,1.8
2013-12-26,7375.69,7375.69,7375.69,7375.69,261434606.0,13.47,1.91,1.8
2013-12-27,7416.39,7416.39,7416.39,7416.39,151605707.0,13.54,1.93,1.79
2013-12-30,7385.24,7385.24,7385.24,7385.24,150351686.0,13.54,1.92,1.79
2013-12-31,7422.59,7422.59,7422.59,7422.59,152630789.0,13.61,1.93,1.78
2014-01-01,7452.75,7452.75,7452.75,7452.75,118174966.0,14.0,2.03,1.76
2014-01-02,7303.26,7303.26,7303.26,7303.26,249683508.0,13.72,1.99,1.8
2014-01-03,7301.97,7301.97,7301.97,7301.97,201602653.0,13.72,1.99,1.8
2014-01-06,7296.8,7296.8,7296.8,7296.8,174240794.0,13.71,1.99,1.8
2014-01-07,7234.32,7234.32,7234.32,7234.32,206505714.0,13.59,1.97,1.81
2014-01-08,7260.18,7260.18,7260.18,7260.18,217248358.0,13.64,1.98,1.81
2014-01-09,7219.25,7219.25,7219.25,7219.25,219494529.0,13.56,1.97,1.82
2014-01-10,7167.9,7167.9,7167.9,7167.9,232316189.0,13.46,1.95,1.83
2014-01-13,7196.28,7196.28,7196.28,7196.28,202692437.0,13.56,1.97,1.82
2014-01-14,7170.41,7170.41,7170.41,7170.41,166338576.0,13.51,1.96,1.82
2014-01-15,7237.08,7237.08,7237.08,7237.08,215542523.0,13.64,1.98,1.81
2014-01-16,7217.02,7217.02,7217.02,7217.02,222255955.0,13.59,1.97,1.81
2014-01-17,7154.26,7154.26,7154.26,7154.26,248185619.0,13.46,1.95,1.83
2014-01-20,7202.35,7202.35,7202.35,7202.35,181346078.0,13.48,1.97,1.82
2014-01-21,7211.52,7211.52,7211.52,7211.52,204814833.0,13.5,1.97,1.82
2014-01-22,7232.74,7232.74,7232.74,7232.74,199117859.0,13.54,1.97,1.81
2014-01-23,7224.11,7224.11,7224.11,7224.11,196924597.0,13.53,1.97,1.81
2014-01-24,7095.63,7095.63,7095.63,7095.63,226929834.0,13.3,1.94,1.84
2014-01-27,6892.02,6892.02,6892.02,6892.02,266049649.0,12.97,1.89,1.89
2014-01-28,6887.74,6887.74,6887.74,6887.74,280490716.0,12.96,1.89,1.89
2014-01-29,6910.53,6910.53,6910.53,6910.53,224227891.0,13.01,1.9,1.88
2014-01-30,6815.32,6815.32,6815.32,6815.32,339453444.0,12.83,1.87,1.91
2014-01-31,6915.09,6915.09,6915.09,6915.09,234086827.0,12.97,1.9,1.88
2014-02-03,6829.06,6829.06,6829.06,6829.06,205110105.0,12.94,1.88,1.91
2014-02-04,6844.53,6844.53,6844.53,6844.53,272391740.0,12.96,1.88,1.9
2014-02-05,6882.75,6882.75,6882.75,6882.75,240882354.0,13.04,1.89,1.89
2014-02-06,6904.59,6904.59,6904.59,6904.59,260212847.0,13.06,1.9,1.89
2014-02-07,6955.03,6955.03,6955.03,6955.03,250873593.0,13.17,1.91,1.87
2014-02-10,6938.29,6938.29,6938.29,6938.29,198968060.0,13.14,1.91,1.87
2014-02-11,6941.2,6941.2,6941.2,6941.2,212502468.0,13.15,1.91,1.87
2014-02-12,6937.29,6937.29,6937.29,6937.29,202759913.0,13.14,1.91,1.87
2014-02-13,6825.19,6825.19,6825.19,6825.19,207584818.0,12.93,1.88,1.91
2014-02-14,6844.49,6844.49,6844.49,6844.49,209076695.0,12.96,1.88,1.9
2014-02-17,6860.05,6860.05,6860.05,6860.05,166637393.0,13.01,1.89,1.89
2014-02-18,6923.54,6923.54,6923.54,6923.54,186351934.0,13.33,1.91,1.88
2014-02-19,6940.05,6940.05,6940.05,6940.05,145931258.0,13.34,1.91,1.87
2014-02-20,6897.9,6897.9,6897.9,6897.9,185498667.0,13.26,1.9,1.88
2014-02-21,6960.48,6960.48,6960.48,6960.48,172812198.0,13.25,1.92,1.87
2014-02-24,6981.0,6981.0,6981.0,6981.0,195763890.0,13.29,1.92,1.86
2014-02-25,6991.63,6991.63,6991.63,6991.63,202239661.0,13.31,1.93,1.86
2014-02-26,7004.03,7004.03,7004.03,7004.03,260248315.0,13.34,1.93,1.86
2014-02-28,7069.26,7069.26,7069.26,7069.26,309623405.0,13.93,1.95,1.84
2014-03-03,7025.08,7025.08,7025.08,7025.08,215137849.0,13.84,1.93,1.85
2014-03-04,7126.37,7126.37,7126.37,7126.37,251837680.0,14.04,1.96,1.82
2014-03-05,7183.05,7183.05,7183.05,7183.05,261714352.0,14.15,1.98,1.81
2014-03-06,7289.4,7289.4,7289.4,7289.4,282863538.0,14.36,2.01,1.78
2014-03-07,7413.59,7413.59,7413.59,7413.59,421541035.0,14.6,2.04,1.75
2014-03-10,7454.56,7454.56,7454.56,7454.56,348646834.0,14.68,2.05,1.74
2014-03-11,7409.66,7409.66,7409.66,7409.66,346994063.0,14.59,2.04,1.75
2014-03-12,7394.56,7394.56,7394.56,7394.56,244611653.0,14.56,2.04,1.76
2014-03-13,7365.09,7365.09,7365.09,7365.09,248921744.0,14.5,2.03,1.77
2014-03-14,7384.66,7384.66,7384.66,7384.66,257100877.0,14.54,2.03,1.76
2014-03-18,7462.19,7462.19,7462.19,7462.19,266389243.0,14.7,2.05,1.74
2014-03-20,7406.37,7406.37,7406.37,7406.37,212236050.0,14.62,2.04,1.75
2014-03-21,7441.54,7441.54,7441.54,7441.54,262584846.0,14.69,2.05,1.75
2014-03-24,7530.95,7530.95,7530.95,7530.95,224296675.0,14.87,2.07,1.73
2014-03-25,7571.13,7571.13,7571.13,7571.13,238144780.0,14.95,2.09,1.72
2014-03-26,7601.67,7601.67,7601.67,7601.67,272894538.0,15.01,2.09,1.71
2014-03-27,7658.37,7658.37,7658.37,7658.37,434048097.0,15.12,2.11,1.7
2014-03-28,7805.34,7805.34,7805.34,7805.34,243297360.0,15.79,2.21,1.66
2014-03-31,7864.24,7864.24,7864.24,7864.24,297539570.0,15.91,2.22,1.64
2014-04-01,7855.97,7855.97,7855.97,7855.97,231586768.0,15.98,2.25,1.64
2014-04-02,7935.12,7935.12,7935.12,7935.12,274784100.0,16.14,2.27,1.62
2014-04-03,7888.8,7888.8,7888.8,7888.8,305824697.0,16.05,2.26,1.63
2014-04-04,7875.7,7875.7,7875.7,7875.7,250243221.0,16.02,2.26,1.64
2014-04-07,7870.39,7870.39,7870.39,7870.39,221568757.0,16.01,2.25,1.64
2014-04-09,8001.3,8001.3,8001.3,8001.3,272706398.0,16.27,2.29,1.61
2014-04-10,8059.06,8059.06,8059.06,8059.06,346528414.0,16.39,2.31,1.6
2014-04-11,8035.03,8035.03,8035.03,8035.03,250916542.0,16.34,2.3,1.6
2014-04-15,7941.65,7941.65,7941.65,7941.65,219592749.0,16.15,2.27,1.62
2014-04-16,7868.76,7868.76,7868.76,7868.76,249348271.0,16.01,2.25,1.64
2014-04-17,7991.11,7991.11,7991.11,7991.11,234088383.0,16.24,2.29,1.61
2014-04-21,8056.27,8056.27,8056.27,8056.27,204728862.0,16.37,2.31,1.6
2014-04-22,8055.61,8055.61,8055.61,8055.61,199809297.0,16.37,2.31,1.6
2014-04-23,8058.03,8058.03,8058.03,8058.03,310888810.0,16.37,2.31,1.6
2014-04-25,8036.57,8036.57,8036.57,8036.57,270777027.0,16.33,2.3,1.6
2014-04-28,8044.87,8044.87,8044.87,8044.87,234182394.0,16.34,2.3,1.6
2014-04-29,7976.42,7976.42,7976.42,7976.42,225550734.0,16.22,2.28,1.62
2014-04-30,7893.38,7893.38,7893.38,7893.38,290574145.0,16.01,2.26,1.63
2014-05-02,7906.5,7906.5,7906.5,7906.5,194800459.0,16.0,2.26,1.64
2014-05-05,7912.32,7912.32,7912.32,7912.32,191808979.0,15.85,2.26,1.64
2014-05-06,7918.23,7918.23,7918.23,7918.23,163967213.0,15.91,2.27,1.63
2014-05-07,7863.03,7863.03,7863.03,7863.03,194792590.0,15.82,2.25,1.65
2014-05-08,7851.9,7851.9,7851.9,7851.9,186871876.0,15.79,2.24,1.65
2014-05-09,8057.8,8057.8,8057.8,8057.8,291125194.0,16.21,2.3,1.61
2014-05-12,8173.08,8173.08,8173.08,8173.08,264684762.0,16.44,2.33,1.59
2014-05-13,8318.36,8318.36,8318.36,8318.36,403417815.0,16.69,2.37,1.56
2014-05-14,8443.37,8443.37,8443.37,8443.37,332367866.0,16.86,2.41,1.54
2014-05-15,8409.13,8409.13,8409.13,8409.13,319707500.0,16.79,2.4,1.54
2014-05-16,8605.17,8605.17,8605.17,8605.17,636727763.0,17.18,2.46,1.51
2014-05-19,8903.83,8903.83,8903.83,8903.83,511889191.0,17.81,2.54,1.46
2014-05-20,8930.18,8930.18,8930.18,8930.18,423830904.0,17.9,2.55,1.45
2014-05-21,8925.33,8925.33,8925.33,8925.33,329593225.0,17.83,2.55,1.45
2014-05-22,9037.46,9037.46,9037.46,9037.46,377417500.0,18.08,2.58,1.44
2014-05-23,9213.66,9213.66,9213.66,9213.66,409755561.0,18.43,2.63,1.41
2014-05-26,9086.75,9086.75,9086.75,9086.75,483627762.0,18.18,2.59,1.43
2014-05-27,8994.19,8994.19,8994.19,8994.19,290542179.0,17.96,2.56,1.45
2014-05-28,9020.04,9020.04,9020.04,9020.04,293984500.0,17.99,2.57,1.44
2014-05-29,8924.78,8924.78,8924.78,8924.78,371671636.0,17.64,2.54,1.46
2014-05-30,8936.44,8936.44,8936.44,8936.44,452961310.0,17.65,2.55,1.46
2014-06-02,9114.4,9114.4,9114.4,9114.4,283142793.0,18.15,2.6,1.43
2014-06-03,9201.37,9201.37,9201.37,9201.37,366820606.0,18.35,2.62,1.41
2014-06-04,9276.97,9276.97,9276.97,9276.97,338403327.0,18.5,2.64,1.4
2014-06-05,9412.52,9412.52,9412.52,9412.52,411700595.0,18.73,2.68,1.38
2014-06-06,9576.83,9576.83,9576.83,9576.83,431142897.0,19.92,2.73,1.36
2014-06-09,9677.39,9677.39,9677.39,9677.39,387779601.0,20.1,2.73,1.35
2014-06-10,9626.33,9626.33,9626.33,9626.33,323295780.0,20.0,2.72,1.36
2014-06-11,9509.99,9509.99,9509.99,9509.99,336989344.0,19.76,2.67,1.35
2014-06-12,9514.18,9514.18,9514.18,9514.18,243290816.0,19.76,2.67,1.35
2014-06-13,9285.0,9285.0,9285.0,9285.0,294158294.0,19.48,2.6,1.38
2014-06-16,9312.7,9312.7,9312.7,9312.7,277688110.0,19.58,2.61,1.37
2014-06-17,9445.29,9445.29,9445.29,9445.29,282314009.0,19.88,2.63,1.34
2014-06-18,9367.65,9367.65,9367.65,9367.65,325169029.0,19.71,2.61,1.35
2014-06-19,9308.4,9308.4,9308.4,9308.4,244985023.0,19.59,2.59,1.36
2014-06-20,9260.07,9260.07,9260.07,9260.07,213325758.0,19.45,2.58,1.37
2014-06-23,9298.37,9298.37,9298.37,9298.37,214155131.0,19.53,2.59,1.36
2014-06-24,9425.04,9425.04,9425.04,9425.04,243092315.0,19.8,2.62,1.34
2014-06-25,9432.36,9432.36,9432.36,9432.36,213466348.0,19.82,2.63,1.34
2014-06-26,9350.41,9350.41,9350.41,9350.41,295929728.0,19.64,2.6,1.35
2014-06-27,9373.06,9373.06,9373.06,9373.06,216283477.0,19.69,2.61,1.35
2014-06-30,9553.58,9553.58,9553.58,9553.58,249045336.0,20.07,2.66,1.32
2014-07-01,9608.36,9608.36,9608.36,9608.36,226523416.0,20.19,2.68,1.32
2014-07-02,9754.17,9754.17,9754.17,9754.17,271347894.0,20.49,2.72,1.3
2014-07-03,9716.69,9716.69,9716.69,9716.69,242605971.0,20.43,2.71,1.3
2014-07-04,9736.61,9736.61,9736.61,9736.61,221525058.0,20.44,2.71,1.3
2014-07-07,9758.16,9758.16,9758.16,9758.16,290301614.0,20.49,2.72,1.3
2014-07-08,9413.11,9413.11,9413.11,9413.11,300025097.0,19.76,2.62,1.34
2014-07-09,9315.58,9315.58,9315.58,9315.58,293069629.0,19.56,2.59,1.36
2014-07-10,9362.12,9362.12,9362.12,9362.12,444160969.0,19.64,2.61,1.35
2014-07-11,9116.87,9116.87,9116.87,9116.87,324596186.0,19.12,2.54,1.39
2014-07-14,9155.18,9155.18,9155.18,9155.18,225040454.0,19.54,2.62,1.37
2014-07-15,9313.26,9313.26,9313.26,9313.26,214072851.0,19.88,2.66,1.34
2014-07-16,9424.55,9424.55,9424.55,9424.55,279169110.0,20.11,2.7,1.33
2014-07-17,9516.3,9516.3,9516.3,9516.3,259122099.0,20.26,2.72,1.32
2014-07-18,9495.36,9495.36,9495.36,9495.36,249725511.0,20.19,2.71,1.32
2014-07-21,9488.35,9488.35,9488.35,9488.35,187430752.0,20.17,2.71,1.32
2014-07-22,9543.38,9543.38,9543.38,9543.38,238501097.0,20.27,2.73,1.31
2014-07-23,9527.99,9527.99,9527.99,9527.99,212220294.0,20.22,2.72,1.32
2014-07-24,9554.73,9554.73,9554.73,9554.73,208217023.0,20.27,2.73,1.31
2014-07-25,9448.73,9448.73,9448.73,9448.73,258793194.0,20.04,2.69,1.33
2014-07-28,9418.98,9418.98,9418.98,9418.98,192285303.0,19.89,2.69,1.34
2014-07-30,9493.99,9493.99,9493.99,9493.99,278757807.0,20.05,2.7,1.32
2014-07-31,9445.79,9445.79,9445.79,9445.79,356628227.0,19.75,2.68,1.34
2014-08-01,9358.57,9358.57,9358.57,9358.57,291974376.0,19.43,2.65,1.35
2014-08-04,9476.05,9476.05,9476.05,9476.05,230578750.0,19.67,2.68,1.33
2014-08-05,9540.54,9540.54,9540.54,9540.54,224541835.0,19.81,2.69,1.33
2014-08-06,9467.48,9467.48,9467.48,9467.48,204263172.0,19.69,2.64,1.33
2014-08-07,9451.17,9451.17,9451.17,9451.17,189308971.0,19.7,2.62,1.33
2014-08-08,9291.47,9291.47,9291.47,9291.47,197104925.0,19.14,2.57,1.34
2014-08-11,9361.54,9361.54,9361.54,9361.54,178949539.0,19.22,2.59,1.33
2014-08-12,9457.38,9457.38,9457.38,9457.38,186826645.0,19.41,2.61,1.32
2014-08-13,9390.28,9390.28,9390.28,9390.28,245602848.0,19.27,2.59,1.33
2014-08-14,9479.08,9479.08,9479.08,9479.08,208277800.0,19.45,2.62,1.31
2014-08-18,9627.59,9627.59,9627.59,9627.59,209001472.0,19.66,2.66,1.29
2014-08-19,9715.97,9715.97,9715.97,9715.97,229652972.0,19.39,2.68,1.28
2014-08-20,9727.17,9727.17,9727.17,9727.17,202820795.0,19.4,2.69,1.28
2014-08-21,9764.95,9764.95,9764.95,9764.95,218173390.0,19.53,2.7,1.28
2014-08-22,9787.47,9787.47,9787.47,9787.47,181086289.0,19.57,2.7,1.27
2014-08-25,9698.62,9698.62,9698.62,9698.62,191434879.0,19.39,2.68,1.28
2014-08-26,9689.98,9689.98,9689.98,9689.98,228254209.0,19.38,2.68,1.29
2014-08-27,9716.51,9716.51,9716.51,9716.51,191056751.0,19.43,2.68,1.28
2014-08-28,9701.74,9701.74,9701.74,9701.74,312771577.0,19.4,2.68,1.28
2014-09-01,9874.47,9874.47,9874.47,9874.47,225298064.0,19.74,2.73,1.26
2014-09-02,9944.45,9944.45,9944.45,9944.45,220276540.0,19.88,2.75,1.25
2014-09-03,9992.07,9992.07,9992.07,9992.07,258353746.0,19.98,2.76,1.25
2014-09-04,9961.43,9961.43,9961.43,9961.43,238169958.0,19.92,2.75,1.25
2014-09-05,9966.85,9966.85,9966.85,9966.85,207967623.0,19.93,2.75,1.25
2014-09-08,10079.22,10079.22,10079.22,10079.22,196387559.0,20.84,2.78,1.24
2014-09-09,10089.8,10089.8,10089.8,10089.8,171904025.0,20.87,2.79,1.24
2014-09-10,10015.37,10015.37,10015.37,10015.37,184326659.0,20.71,2.77,1.24
2014-09-11,10043.01,10043.01,10043.01,10043.01,215335792.0,20.77,2.77,1.24
2014-09-12,10072.43,10072.43,10072.43,10072.43,205155054.0,20.83,2.78,1.24
2014-09-15,10037.53,10037.53,10037.53,10037.53,173371432.0,20.76,2.77,1.24
2014-09-16,9791.9,9791.9,9791.9,9791.9,213516619.0,20.25,2.7,1.27
2014-09-17,9849.57,9849.57,9849.57,9849.57,216422678.0,20.37,2.72,1.27
2014-09-18,10036.04,10036.04,10036.04,10036.04,198477543.0,20.75,2.77,1.24
2014-09-19,10005.39,10005.39,10005.39,10005.39,281261871.0,19.52,2.7,1.27
2014-09-22,9995.42,9995.42,9995.42,9995.42,169470426.0,19.5,2.69,1.27
2014-09-23,9802.19,9802.19,9802.19,9802.19,219186830.0,19.13,2.64,1.3
2014-09-24,9768.68,9768.68,9768.68,9768.68,282891253.0,19.04,2.62,1.35
2014-09-25,9600.08,9600.08,9600.08,9600.08,373523929.0,18.71,2.57,1.38
2014-09-26,9734.41,9734.41,9734.41,9734.41,248105733.0,18.97,2.59,1.36
2014-09-29,9746.99,9746.99,9746.99,9746.99,164445780.0,18.99,2.59,1.36
2014-09-30,9745.78,9745.78,9745.78,9745.78,231766927.0,18.99,2.58,1.36
2014-10-01,9710.32,9710.32,9710.32,9710.32,176218740.0,18.92,2.56,1.36
2014-10-07,9573.43,9573.43,9573.43,9573.43,213821474.0,18.66,2.52,1.38
2014-10-08,9581.88,9581.88,9581.88,9581.88,203397214.0,18.67,2.51,1.39
2014-10-09,9752.07,9752.07,9752.07,9752.07,205322592.0,19.0,2.55,1.37
2014-10-10,9597.51,9597.51,9597.51,9597.51,215537502.0,18.7,2.5,1.41
2014-10-13,9631.64,9631.64,9631.64,9631.64,184471962.0,18.75,2.5,1.41
2014-10-14,9626.73,9626.73,9626.73,9626.73,309870298.0,18.76,2.5,1.41
2014-10-16,9416.57,9416.57,9416.57,9416.57,304537700.0,18.32,2.44,1.44
2014-10-17,9500.98,9500.98,9500.98,9500.98,267273868.0,18.49,2.46,1.43
2014-10-20,9641.15,9641.15,9641.15,9641.15,261221485.0,18.82,2.46,1.4
2014-10-21,9731.49,9731.49,9731.49,9731.49,258790172.0,18.95,2.48,1.39
2014-10-22,9837.5,9837.5,9837.5,9837.5,217022136.0,19.14,2.51,1.37
2014-10-23,9876.71,9876.71,9876.71,9876.71,29250828.0,19.22,2.52,1.37
2014-10-27,9825.4,9825.4,9825.4,9825.4,205729297.0,19.12,2.51,1.37
2014-10-28,9864.83,9864.83,9864.83,9864.83,191559018.0,19.13,2.52,1.37
2014-10-29,9930.84,9930.84,9930.84,9930.84,213263086.0,19.26,2.53,1.36
2014-10-30,10008.37,10008.37,10008.37,10008.37,309550479.0,19.36,2.55,1.35
2014-10-31,10182.93,10182.93,10182.93,10182.93,289273082.0,19.7,2.59,1.31
2014-11-03,10217.92,10217.92,10217.92,10217.92,232603437.0,19.77,2.6,1.31
2014-11-05,10186.43,10186.43,10186.43,10186.43,249643936.0,19.69,2.59,1.31
2014-11-07,10221.59,10221.59,10221.59,10221.59,243268981.0,19.58,2.6,1.31
2014-11-10,10230.02,10230.02,10230.02,10230.02,216387207.0,19.44,2.6,1.31
2014-11-11,10277.34,10277.34,10277.34,10277.34,209276988.0,19.5,2.61,1.3
2014-11-12,10322.84,10322.84,10322.84,10322.84,216894074.0,19.56,2.62,1.3
2014-11-13,10268.48,10268.48,10268.48,10268.48,205449984.0,19.46,2.61,1.3
2014-11-14,10334.69,10334.69,10334.69,10334.69,232845736.0,19.58,2.63,1.3
2014-11-17,10395.54,10395.54,10395.54,10395.54,192959811.0,19.7,2.64,1.29
2014-11-18,10455.32,10455.32,10455.32,10455.32,246796073.0,19.83,2.66,1.28
2014-11-19,10370.1,10370.1,10370.1,10370.1,229283178.0,19.65,2.64,1.29
2014-11-20,10383.85,10383.85,10383.85,10383.85,204360735.0,19.68,2.64,1.29
2014-11-21,10419.44,10419.44,10419.44,10419.44,216281053.0,19.63,2.65,1.28
2014-11-24,10479.71,10479.71,10479.71,10479.71,220207671.0,19.88,2.66,1.28
2014-11-25,10351.34,10351.34,10351.34,10351.34,454260859.0,19.52,2.63,1.29
2014-11-26,10377.93,10377.93,10377.93,10377.93,224671666.0,19.58,2.64,1.29
2014-11-27,10421.49,10421.49,10421.49,10421.49,376137677.0,19.66,2.65,1.28
2014-11-28,10548.28,10548.28,10548.28,10548.28,309410794.0,19.44,2.57,1.31
2014-12-01,10512.34,10512.34,10512.34,10512.34,233113097.0,19.37,2.56,1.31
2014-12-02,10549.9,10549.9,10549.9,10549.9,230123782.0,19.44,2.57,1.31
2014-12-03,10644.88,10644.88,10644.88,10644.88,241908735.0,19.62,2.59,1.3
2014-12-04,10657.22,10657.22,10657.22,10657.22,225413712.0,19.64,2.6,1.29
2014-12-05,10610.69,10610.69,10610.69,10610.69,250827684.0,19.52,2.59,1.3
2014-12-08,10500.67,10500.67,10500.67,10500.67,255673224.0,19.32,2.56,1.31
2014-12-09,10329.48,10329.48,10329.48,10329.48,233889077.0,19.01,2.52,1.34
2014-12-10,10405.17,10405.17,10405.17,10405.17,221880598.0,19.15,2.54,1.33
2014-12-11,10318.04,10318.04,10318.04,10318.04,221915569.0,18.99,2.51,1.34
2014-12-12,10207.24,10207.24,10207.24,10207.24,219638201.0,18.78,2.49,1.35
2014-12-16,9928.5,9928.5,9928.5,9928.5,297657223.0,18.27,2.42,1.39
2014-12-17,9889.66,9889.66,9889.66,9889.66,326584589.0,18.2,2.41,1.39
2014-12-18,10142.03,10142.03,10142.03,10142.03,249152275.0,18.66,2.47,1.36
2014-12-19,10180.24,10180.24,10180.24,10180.24,265073884.0,18.73,2.48,1.35
2014-12-22,10297.02,10297.02,10297.02,10297.02,197428399.0,18.95,2.51,1.34
2014-12-23,10232.68,10232.68,10232.68,10232.68,205943892.0,18.83,2.49,1.35
2014-12-24,10180.46,10180.46,10180.46,10180.46,340875795.0,18.73,2.48,1.35
2014-12-26,10228.66,10228.66,10228.66,10228.66,136607401.0,18.82,2.49,1.35
2014-12-29,10305.28,10305.28,10305.28,10305.28,137667032.0,18.96,2.51,1.34
2014-12-30,10343.56,10343.56,10343.56,10343.56,138232193.0,19.03,2.52,1.33
2014-12-31,10403.38,10403.38,10403.38,10403.38,136551576.0,19.14,2.53,1.32
2015-01-01,10430.27,10430.27,10430.27,10430.27,99195064.0,19.19,2.54,1.32
2015-01-02,10523.11,10523.11,10523.11,10523.11,167014280.0,19.36,2.56,1.31
2015-01-05,10511.3,10511.3,10511.3,10511.3,176417312.0,19.34,2.56,1.31
2015-01-06,10203.89,10203.89,10203.89,10203.89,253896016.0,18.77,2.48,1.35
2015-01-07,10186.99,10186.99,10186.99,10186.99,239160183.0,18.74,2.48,1.35
2015-01-08,10386.4,10386.4,10386.4,10386.4,222689365.0,19.11,2.53,1.33
2015-01-09,10387.5,10387.5,10387.5,10387.5,232336477.0,19.11,2.53,1.33
2015-01-12,10410.67,10410.67,10410.67,10410.67,164061121.0,18.95,2.45,1.34
2015-01-13,10401.54,10401.54,10401.54,10401.54,206126882.0,18.94,2.45,1.34
2015-01-14,10370.57,10370.57,10370.57,10370.57,232785154.0,18.87,2.44,1.34
2015-01-15,10563.35,10563.35,10563.35,10563.35,331818622.0,19.22,2.49,1.32
2015-01-16,10601.25,10601.25,10601.25,10601.25,256607345.0,19.28,2.49,1.32
2015-01-19,10649.98,10649.98,10649.98,10649.98,192608381.0,19.36,2.51,1.31
2015-01-20,10720.57,10720.57,10720.57,10720.57,230341301.0,19.49,2.52,1.3
2015-01-21,10749.42,10749.42,10749.42,10749.42,282280888.0,19.53,2.53,1.3
2015-01-22,10788.42,10788.42,10788.42,10788.42,256791501.0,19.59,2.54,1.29
2015-01-23,10897.56,10897.56,10897.56,10897.56,303158950.0,19.86,2.56,1.28
2015-01-27,10932.28,10932.28,10932.28,10932.28,276273225.0,19.93,2.57,1.28
2015-01-28,10952.13,10952.13,10952.13,10952.13,286998664.0,19.96,2.58,1.27
2015-01-29,10961.5,10961.5,10961.5,10961.5,370106549.0,20.02,2.58,1.27
2015-01-30,10875.66,10875.66,10875.66,10875.66,386914780.0,19.85,2.56,1.28
2015-02-03,10840.62,10840.62,10840.62,10840.62,306373304.0,19.57,2.51,1.31
2015-02-04,10813.32,10813.32,10813.32,10813.32,302957153.0,19.44,2.5,1.32
2015-02-05,10687.31,10687.31,10687.31,10687.31,273178441.0,19.42,2.47,1.33
2015-02-06,10607.22,10607.22,10607.22,10607.22,262901756.0,19.28,2.45,1.34
2015-02-09,10423.33,10423.33,10423.33,10423.33,230578097.0,19.06,2.41,1.37
2015-02-10,10499.57,10499.57,10499.57,10499.57,297458675.0,19.2,2.43,1.36
2015-02-11,10632.05,10632.05,10632.05,10632.05,237317446.0,19.42,2.46,1.34
2015-02-12,10754.23,10754.23,10754.23,10754.23,250558837.0,19.61,2.49,1.32
2015-02-13,10841.05,10841.05,10841.05,10841.05,311332820.0,19.77,2.51,1.31
2015-02-16,10808.9,10808.9,10808.9,10808.9,213146132.0,19.7,2.5,1.32
2015-02-18,10841.6,10841.6,10841.6,10841.6,229849722.0,19.63,2.51,1.31
2015-02-19,10881.8,10881.8,10881.8,10881.8,294342511.0,19.92,2.52,1.31
2015-02-20,10878.8,10878.8,10878.8,10878.8,274716092.0,19.75,2.52,1.31
2015-02-23,10782.02,10782.02,10782.02,10782.02,210398477.0,19.57,2.5,1.32
2015-02-24,10762.4,10762.4,10762.4,10762.4,238056957.0,19.54,2.49,1.32
2015-02-25,10748.06,10748.06,10748.06,10748.06,208629865.0,19.51,2.49,1.33
2015-02-26,10641.41,10641.41,10641.41,10641.41,351128496.0,19.32,2.46,1.34
2015-02-27,10890.97,10890.97,10890.97,10890.97,339981012.0,19.77,2.52,1.31
2015-03-02,11046.92,11046.92,11046.92,11046.92,314028443.0,20.05,2.56,1.29
2015-03-03,11110.63,11110.63,11110.63,11110.63,261298786.0,20.17,2.57,1.28
2015-03-04,10967.88,10967.88,10967.88,10967.88,355264964.0,19.91,2.54,1.3
2015-03-05,10999.74,10999.74,10999.74,10999.74,248955337.0,19.97,2.55,1.29
2015-03-09,10830.69,10830.69,10830.69,10830.69,237633698.0,19.67,2.51,1.31
2015-03-10,10812.47,10812.47,10812.47,10812.47,252017934.0,19.63,2.5,1.32
2015-03-11,10783.79,10783.79,10783.79,10783.79,260569414.0,19.58,2.5,1.32
2015-03-16,10718.09,10718.09,10718.09,10718.09,265547057.0,19.46,2.48,1.33
2015-03-17,10835.22,10835.22,10835.22,10835.22,262223323.0,19.67,2.51,1.31
2015-03-18,10822.99,10822.99,10822.99,10822.99,234713673.0,19.65,2.51,1.32
2015-03-19,10770.59,10770.59,10770.59,10770.59,237588436.0,19.56,2.49,1.32
2015-03-20,10628.64,10628.64,10628.64,10628.64,269054839.0,19.3,2.46,1.34
2015-03-23,10572.68,10572.68,10572.68,10572.68,205512081.0,19.2,2.45,1.35
2015-03-24,10564.92,10564.92,10564.92,10564.92,218490638.0,19.18,2.45,1.35
2015-03-25,10552.68,10552.68,10552.68,10552.68,224171636.0,19.16,2.44,1.35
2015-03-26,10402.18,10402.18,10402.18,10402.18,403660673.0,18.89,2.41,1.37
2015-03-27,10374.33,10374.33,10374.33,10374.33,271962610.0,18.37,2.3,1.44
2015-03-30,10535.0,10535.0,10535.0,10535.0,190679254.0,18.65,2.34,1.42
2015-03-31,10541.41,10541.41,10541.41,10541.41,240929818.0,18.66,2.34,1.42
2015-04-01,10662.99,10662.99,10662.99,10662.99,186426468.0,18.88,2.37,1.4
2015-04-06,10751.73,10751.73,10751.73,10751.73,204193445.0,19.03,2.39,1.39
2015-04-07,10832.97,10832.97,10832.97,10832.97,209510066.0,19.17,2.4,1.38
2015-04-08,10898.72,10898.72,10898.72,10898.72,225527054.0,19.29,2.42,1.37
2015-04-09,10952.94,10952.94,10952.94,10952.94,243340342.0,19.39,2.43,1.37
2015-04-10,11024.81,11024.81,11024.81,11024.81,265979496.0,19.51,2.45,1.36
2015-04-13,11095.11,11095.11,11095.11,11095.11,193026707.0,19.67,2.47,1.35
2015-04-15,11008.72,11008.72,11008.72,11008.72,258085109.0,19.51,2.45,1.37
2015-04-16,10945.33,10945.33,10945.33,10945.33,214589262.0,19.42,2.43,1.37
2015-04-17,10819.5,10819.5,10819.5,10819.5,218585377.0,19.2,2.4,1.39
2015-04-20,10609.66,10609.66,10609.66,10609.66,221830802.0,18.82,2.36,1.42
2015-04-21,10518.86,10518.86,10518.86,10518.86,477144506.0,18.66,2.34,1.43
2015-04-22,10549.83,10549.83,10549.83,10549.83,243540053.0,18.72,2.34,1.43
2015-04-23,10548.75,10548.75,10548.75,10548.75,224071108.0,18.72,2.34,1.43
2015-04-24,10417.06,10417.06,10417.06,10417.06,240968907.0,18.71,2.31,1.46
2015-04-27,10256.77,10256.77,10256.77,10256.77,246213110.0,18.43,2.28,1.48
2015-04-28,10391.82,10391.82,10391.82,10391.82,258552664.0,18.67,2.31,1.47
2015-04-29,10383.15,10383.15,10383.15,10383.15,238703264.0,18.63,2.31,1.47
2015-04-30,10340.77,10340.77,10340.77,10340.77,386903932.0,18.5,2.3,1.48
2015-05-04,10555.08,10555.08,10555.08,10555.08,207692601.0,18.88,2.35,1.45
2015-05-05,10607.27,10607.27,10607.27,10607.27,239136401.0,18.97,2.36,1.44
2015-05-06,10273.63,10273.63,10273.63,10273.63,298957420.0,18.31,2.28,1.49
2015-05-07,10108.98,10108.98,10108.98,10108.98,242760645.0,17.98,2.25,1.51
2015-05-08,10255.67,10255.67,10255.67,10255.67,253477726.0,18.24,2.28,1.49
2015-05-11,10470.6,10470.6,10470.6,10470.6,268616664.0,18.62,2.33,1.46
2015-05-12,10237.39,10237.39,10237.39,10237.39,264345663.0,18.26,2.28,1.49
2015-05-13,10393.96,10393.96,10393.96,10393.96,274001277.0,18.52,2.32,1.47
2015-05-14,10490.09,10490.09,10490.09,10490.09,218632643.0,18.69,2.33,1.46
2015-05-15,10504.78,10504.78,10504.78,10504.78,198255003.0,18.72,2.33,1.46
2015-05-18,10626.43,10626.43,10626.43,10626.43,212951639.0,19.01,2.36,1.44
2015-05-20,10649.05,10649.05,10649.05,10649.05,193452292.0,19.04,2.37,1.44
2015-05-21,10629.3,10629.3,10629.3,10629.3,202979654.0,19.1,2.36,1.44
2015-05-22,10638.36,10638.36,10638.36,10638.36,248500701.0,19.32,2.36,1.44
2015-05-25,10582.56,10582.56,10582.56,10582.56,174964478.0,19.18,2.35,1.45
2015-05-26,10558.63,10558.63,10558.63,10558.63,177998348.0,19.13,2.34,1.45
2015-05-27,10535.24,10535.24,10535.24,10535.24,235660879.0,19.15,2.34,1.45
2015-05-28,10488.86,10488.86,10488.86,10488.86,349415055.0,18.81,2.33,1.46
2015-05-29,10485.21,10485.21,10485.21,10485.21,572740415.0,19.22,2.36,1.45
2015-06-01,10477.77,10477.77,10477.77,10477.77,181064207.0,19.71,2.36,1.45
2015-06-02,10399.52,10399.52,10399.52,10399.52,221280622.0,19.21,2.31,1.47
2015-06-03,10247.53,10247.53,10247.53,10247.53,285395700.0,18.92,2.28,1.49
2015-06-04,10233.45,10233.45,10233.45,10233.45,231441681.0,18.83,2.27,1.49
2015-06-05,10241.4,10241.4,10241.4,10241.4,224576029.0,19.04,2.26,1.5
2015-06-08,10118.1,10118.1,10118.1,10118.1,202267480.0,18.86,2.24,1.51
2015-06-09,10095.34,10095.34,10095.34,10095.34,195639899.0,18.82,2.23,1.52
2015-06-10,10198.61,10198.61,10198.61,10198.61,190253212.0,19.01,2.26,1.5
2015-06-11,10005.44,10005.44,10005.44,10005.44,235013975.0,18.65,2.21,1.53
2015-06-12,10017.89,10017.89,10017.89,10017.89,195477592.0,18.67,2.21,1.53
2015-06-15,10023.31,10023.31,10023.31,10023.31,189076904.0,18.68,2.21,1.53
2015-06-16,10075.17,10075.17,10075.17,10075.17,182621427.0,18.78,2.22,1.53
2015-06-17,10168.92,10168.92,10168.92,10168.92,217927011.0,18.96,2.24,1.51
2015-06-18,10229.69,10229.69,10229.69,10229.69,204306566.0,19.07,2.26,1.5
2015-06-19,10288.85,10288.85,10288.85,10288.85,211405856.0,19.18,2.26,1.48
2015-06-22,10436.38,10436.38,10436.38,10436.38,193662825.0,19.45,2.3,1.46
2015-06-23,10480.06,10480.06,10480.06,10480.06,193038453.0,19.54,2.31,1.45
2015-06-24,10420.19,10420.19,10420.19,10420.19,201063582.0,19.42,2.29,1.46
2015-06-25,10474.89,10474.89,10474.89,10474.89,308461196.0,19.53,2.31,1.45
2015-06-26,10458.49,10458.49,10458.49,10458.49,201520597.0,19.49,2.29,1.47
2015-06-29,10341.67,10341.67,10341.67,10341.67,206780036.0,19.27,2.27,1.48
2015-06-30,10447.12,10447.12,10447.12,10447.12,238840565.0,19.46,2.29,1.47
2015-07-01,10577.79,10577.79,10577.79,10577.79,202229562.0,19.71,2.32,1.45
2015-07-02,10628.09,10628.09,10628.09,10628.09,193843984.0,19.8,2.33,1.44
2015-07-03,10648.7,10648.7,10648.7,10648.7,152613933.0,19.84,2.33,1.45
2015-07-06,10716.9,10716.9,10716.9,10716.9,165009140.0,19.97,2.34,1.44
2015-07-07,10735.69,10735.69,10735.69,10735.69,203192532.0,20.0,2.35,1.44
2015-07-09,10545.15,10545.15,10545.15,10545.15,208395321.0,19.65,2.31,1.46
2015-07-10,10560.0,10560.0,10560.0,10560.0,231326470.0,19.68,2.29,1.47
2015-07-13,10690.3,10690.3,10690.3,10690.3,177551815.0,19.92,2.32,1.45
2015-07-14,10704.48,10704.48,10704.48,10704.48,159717006.0,19.95,2.32,1.45
2015-07-15,10742.04,10742.04,10742.04,10742.04,168420862.0,20.02,2.33,1.44
2015-07-16,10848.5,10848.5,10848.5,10848.5,175177469.0,20.21,2.35,1.43
2015-07-17,10882.31,10882.31,10882.31,10882.31,172374496.0,20.28,2.35,1.44
2015-07-20,10881.08,10881.08,10881.08,10881.08,169949027.0,20.29,2.35,1.44
2015-07-21,10718.65,10718.65,10718.65,10718.65,228889894.0,19.99,2.31,1.46
2015-07-22,10849.89,10849.89,10849.89,10849.89,192704031.0,20.23,2.34,1.44
2015-07-23,10833.86,10833.86,10833.86,10833.86,192009382.0,20.2,2.34,1.44
2015-07-24,10753.22,10753.22,10753.22,10753.22,189477459.0,20.05,2.31,1.46
2015-07-27,10573.78,10573.78,10573.78,10573.78,198777205.0,19.72,2.27,1.49
2015-07-28,10536.8,10536.8,10536.8,10536.8,264206364.0,19.81,2.26,1.49
2015-07-29,10583.42,10583.42,10583.42,10583.42,215360064.0,19.96,2.27,1.48
2015-07-30,10687.39,10687.39,10687.39,10687.39,324479199.0,20.18,2.3,1.47
2015-07-31,10809.46,10809.46,10809.46,10809.46,305513310.0,20.37,2.32,1.47
2015-08-03,10865.01,10865.01,10865.01,10865.01,232048022.0,20.58,2.33,1.46
2015-08-04,10960.85,10960.85,10960.85,10960.85,292255608.0,20.75,2.35,1.45
2015-08-05,11038.58,11038.58,11038.58,11038.58,229295715.0,21.12,2.37,1.44
2015-08-06,11081.97,11081.97,11081.97,11081.97,219937566.0,21.29,2.38,1.43
2015-08-07,11042.25,11042.25,11042.25,11042.25,219927310.0,21.2,2.36,1.43
2015-08-10,11008.01,11008.01,11008.01,11008.01,190937560.0,21.11,2.35,1.44
2015-08-11,10920.93,10920.93,10920.93,10920.93,232040141.0,20.94,2.33,1.45
2015-08-12,10689.61,10689.61,10689.61,10689.61,276608541.0,20.5,2.28,1.48
2015-08-13,10637.87,10637.87,10637.87,10637.87,301043327.0,20.46,2.27,1.49
2015-08-14,10860.8,10860.8,10860.8,10860.8,258140633.0,20.71,2.31,1.46
2015-08-17,10897.69,10897.69,10897.69,10897.69,270901711.0,20.81,2.32,1.46
2015-08-18,10903.22,10903.22,10903.22,10903.22,231740222.0,20.82,2.32,1.46
2015-08-19,10910.89,10910.89,10910.89,10910.89,190489909.0,20.83,2.32,1.46
2015-08-20,10729.37,10729.37,10729.37,10729.37,266747157.0,20.49,2.29,1.48
2015-08-21,10636.68,10636.68,10636.68,10636.68,282372636.0,20.31,2.26,1.47
2015-08-24,9833.01,9833.01,9833.01,9833.01,445234540.0,18.78,2.09,1.59
2015-08-25,9993.28,9993.28,9993.28,9993.28,446909898.0,19.08,2.13,1.57
2015-08-26,9924.79,9924.79,9924.79,9924.79,323801007.0,18.95,2.11,1.58
2015-08-27,10155.61,10155.61,10155.61,10155.61,452025007.0,19.39,2.16,1.54
2015-08-28,10209.13,10209.13,10209.13,10209.13,297277419.0,19.49,2.17,1.53
2015-08-31,10179.11,10179.11,10179.11,10179.11,349484694.0,19.44,2.16,1.54
2015-09-01,9964.46,9964.46,9964.46,9964.46,278730291.0,19.03,2.11,1.57
2015-09-02,9871.34,9871.34,9871.34,9871.34,307621348.0,18.85,2.09,1.58
2015-09-03,10004.07,10004.07,10004.07,10004.07,238737332.0,19.1,2.12,1.56
2015-09-07,9615.33,9615.33,9615.33,9615.33,205735445.0,18.37,2.04,1.62
2015-09-08,9739.95,9739.95,9739.95,9739.95,258081328.0,18.61,2.07,1.6
2015-09-09,9942.52,9942.52,9942.52,9942.52,312940758.0,19.0,2.11,1.57
2015-09-10,9959.21,9959.21,9959.21,9959.21,255775295.0,19.03,2.11,1.57
2015-09-11,9941.68,9941.68,9941.68,9941.68,204461387.0,18.99,2.11,1.57
2015-09-14,10089.34,10089.34,10089.34,10089.34,185083198.0,19.28,2.14,1.55
2015-09-15,10009.22,10009.22,10009.22,10009.22,200771453.0,19.12,2.12,1.56
2015-09-16,10019.23,10019.23,10019.23,10019.23,204384387.0,19.14,2.13,1.56
2015-09-18,10114.61,10114.61,10114.61,10114.61,352489158.0,19.32,2.15,1.54
2015-09-21,10129.37,10129.37,10129.37,10129.37,194795739.0,19.35,2.15,1.54
2015-09-22,9942.7,9942.7,9942.7,9942.7,262790456.0,19.0,2.11,1.57
2015-09-23,9952.41,9952.41,9952.41,9952.41,242047712.0,19.01,2.11,1.57
2015-09-24,9975.9,9975.9,9975.9,9975.9,313110920.0,19.06,2.12,1.57
2015-09-28,9903.66,9903.66,9903.66,9903.66,198823974.0,18.84,2.01,1.65
2015-09-29,9904.72,9904.72,9904.72,9904.72,341144240.0,18.84,2.0,1.64
2015-09-30,10068.11,10068.11,10068.11,10068.11,315893890.0,19.15,2.03,1.62
2015-10-01,10085.89,10085.89,10085.89,10085.89,252296836.0,19.18,2.0,1.77
2015-10-05,10295.34,10295.34,10295.34,10295.34,276149376.0,19.58,2.04,1.73
2015-10-06,10336.23,10336.23,10336.23,10336.23,261638224.0,19.66,2.05,1.73
2015-10-07,10400.95,10400.95,10400.95,10400.95,288129188.0,19.78,2.06,1.72
2015-10-08,10338.82,10338.82,10338.82,10338.82,247646482.0,19.66,2.05,1.73
2015-10-09,10364.49,10364.49,10364.49,10364.49,269185278.0,19.71,2.06,1.72
2015-10-12,10370.78,10370.78,10370.78,10370.78,271235678.0,19.71,2.06,1.72
2015-10-13,10358.94,10358.94,10358.94,10358.94,220203507.0,19.65,2.06,1.72
2015-10-14,10332.3,10332.3,10332.3,10332.3,202229519.0,19.59,2.05,1.73
2015-10-15,10412.81,10412.81,10412.81,10412.81,227777332.0,19.75,2.07,1.71
2015-10-19,10488.15,10488.15,10488.15,10488.15,186484172.0,19.67,2.13,1.72
2015-10-20,10474.33,10474.33,10474.33,10474.33,227670664.0,19.63,2.12,1.72
2015-10-21,10448.51,10448.51,10448.51,10448.51,248396476.0,19.58,2.12,1.72
2015-10-23,10433.23,10433.23,10433.23,10433.23,230923881.0,19.68,2.11,1.72
2015-10-26,10404.16,10404.16,10404.16,10404.16,210519806.0,19.62,2.11,1.73
2015-10-27,10391.9,10391.9,10391.9,10391.9,217888523.0,19.7,2.13,1.72
2015-10-28,10333.07,10333.07,10333.07,10333.07,270364795.0,19.59,2.12,1.73
2015-10-29,10268.33,10268.33,10268.33,10268.33,316763197.0,19.54,2.11,1.74
2015-10-30,10231.38,10231.38,10231.38,10231.38,281250625.0,19.57,2.1,1.75
2015-11-02,10233.84,10233.84,10233.84,10233.84,220453096.0,19.59,2.1,1.75
2015-11-03,10274.39,10274.39,10274.39,10274.39,214980966.0,19.68,2.11,1.74
2015-11-04,10275.75,10275.75,10275.75,10275.75,212365867.0,19.65,2.11,1.74
2015-11-05,10146.72,10146.72,10146.72,10146.72,236940792.0,19.38,2.08,1.76
2015-11-06,10112.4,10112.4,10112.4,10112.4,318541068.0,19.28,2.08,1.77
