date,CLIENT_fut_idx_long,CLIENT_fut_idx_short,CLIENT_fut_stk_long,CLIENT_fut_stk_short,CLIENT_idx_call_long,CLIENT_idx_put_long,CLIENT_idx_call_short,CLIENT_idx_put_short,CLIENT_stk_call_long,CLIENT_stk_put_long,CLIENT_stk_call_short,CLIENT_stk_put_short,CLIENT_total_long,CLIENT_total_short,DII_fut_idx_long,DII_fut_idx_short,DII_fut_stk_long,DII_fut_stk_short,DII_idx_call_long,DII_idx_put_long,DII_idx_call_short,DII_idx_put_short,DII_stk_call_long,DII_stk_put_long,DII_stk_call_short,DII_stk_put_short,DII_total_long,DII_total_short,FII_fut_idx_long,FII_fut_idx_short,FII_fut_stk_long,FII_fut_stk_short,FII_idx_call_long,FII_idx_put_long,FII_idx_call_short,FII_idx_put_short,FII_stk_call_long,FII_stk_put_long,FII_stk_call_short,FII_stk_put_short,FII_total_long,FII_total_short,PRO_fut_idx_long,PRO_fut_idx_short,PRO_fut_stk_long,PRO_fut_stk_short,PRO_idx_call_long,PRO_idx_put_long,PRO_idx_call_short,PRO_idx_put_short,PRO_stk_call_long,PRO_stk_put_long,PRO_stk_call_short,PRO_stk_put_short,PRO_total_long,PRO_total_short,TOTAL_fut_idx_long,TOTAL_fut_idx_short,TOTAL_fut_stk_long,TOTAL_fut_stk_short,TOTAL_idx_call_long,TOTAL_idx_put_long,TOTAL_idx_call_short,TOTAL_idx_put_short,TOTAL_stk_call_long,TOTAL_stk_put_long,TOTAL_stk_call_short,TOTAL_stk_put_short,TOTAL_total_long,TOTAL_total_short
2026-04-06,266704,88614,2567517,176572,2451986,2577949,2292679,2939748,1013847,501175,642517,646097,9379178,6786228,95606,19851,318784,4209363,4978,31410,1244,604,973,34004,194269,2740,485755,4428071,72568,341030,4186991,3115883,444173,864956,676826,547028,108113,132443,136438,90116,5809244,4907321,54259,39642,746608,318082,1018050,1152817,948438,1139752,737415,776523,887124,705192,4485672,4038229,489137,489137,7819900,7819900,3919187,4627132,3919187,4627132,1860348,1444145,1860348,1444145,20159849,20159849
2026-04-07,259127,90686,2562749,188424,1522281,1314678,1361701,1704951,1060539,528518,678352,678015,7247891,4702129,93469,26551,327454,4184887,5551,32110,1269,302,971,34057,220731,4218,493612,4437958,75768,335203,4178733,3120209,335168,698495,541912,377686,124272,148784,149270,107082,5561220,4631361,62931,38855,756084,331500,673541,695937,631659,658281,800544,814805,937973,736849,3803842,3335117,491295,491295,7825020,7825020,2536541,2741220,2536541,2741220,1986326,1526164,1986326,1526164,17106566,17106566
2026-04-08,229041,77876,2544830,197584,1949347,1866957,1789829,2159625,1113433,576009,761202,682712,8279617,5668828,95118,28926,343851,4137891,2956,32710,1233,302,2121,33459,225241,4205,510215,4397798,82405,309805,4201330,3110741,427437,730094,622244,441602,144589,172785,176735,126298,5758640,4787424,53167,43124,724556,368351,801630,780783,768063,809016,921827,842280,1018792,811318,4124243,3818664,459731,459731,7814567,7814567,3181370,3410544,3181370,3410544,2181970,1624533,2181970,1624533,18672715,18672715
2026-04-09,237159,74395,2577202,207035,2491143,1963433,2292963,2429318,1219312,614187,811328,732124,9102437,6547162,94629,28948,348918,4137813,2642,32829,1233,604,2834,33466,258788,4205,515318,4431591,79006,306724,4218217,3136221,461675,800192,686827,468479,157057,198779,204632,142995,5914926,4945878,45569,46296,733960,397228,925731,870938,900169,768992,978210,876999,1082665,844107,4431407,4039456,456363,456363,7878297,7878297,3881192,3667392,3881192,3667392,2357413,1723431,2357413,1723431,19964088,19964088
2026-04-10,219017,75813,2577665,221447,2484395,2403652,2357634,2862845,1274759,675662,856427,768532,9635150,7142698,91810,28878,370245,4110454,2165,53621,1233,502,1342,33669,273590,4185,552852,4418842,81432,287659,4212447,3133418,517932,873651,696530,540390,171636,217128,232694,163537,6074225,5054227,45424,45333,735893,430931,1076950,1115411,1026046,1042597,1036075,905991,1121101,896196,4915744,4562204,437683,437683,7896250,7896250,4081442,4446334,4081442,4446334,2483812,1832450,2483812,1832450,21177971,21177971
2026-04-13,218196,76874,2593506,225493,1539710,1331269,1487247,1786186,1388983,692792,902467,818464,7764456,5296731,92448,29033,387339,4110452,2095,48671,1233,302,1342,33669,291035,4404,565564,4436459,80652,289006,4184966,3153298,417588,749011,568582,407790,177666,232660,252498,171849,5842543,4843023,49127,45510,763633,440201,728731,759098,631063,693771,1056311,941112,1178302,905516,4298013,3894363,440423,440423,7929444,7929444,2688125,2888049,2688125,2888049,2624302,1900233,2624302,1900233,18470576,18470576
2026-04-15,215741,78234,2601203,241336,1998838,1832864,1920259,2288452,1432712,776440,952107,857032,8857798,6337420,95189,29419,402034,4092443,2230,47052,931,140,1342,30289,321372,5287,578136,4449592,73089,273807,4163870,3121543,416458,751302,581517,425656,190643,246854,269553,188468,5842216,4860545,50867,53426,778788,490573,827944,884247,742763,801217,1141250,973372,1222915,976168,4656468,4287061,434886,434886,7945895,7945895,3245470,3515465,3245470,3515465,2765947,2026955,2765947,2026955,19934618,19934618
2026-04-16,222376,80290,2646071,262082,2636403,2037970,2428078,2592554,1527486,814848,995006,906336,9885154,7264346,93025,29778,385273,4062239,2471,49322,961,442,1462,29973,334380,5524,561526,4433324,68391,267380,4146180,3124368,436038,813186,651704,442145,203720,265568,293228,199442,5933083,4978267,46659,53003,797344,526179,972579,1008980,966749,874317,1189655,1012417,1299709,1011504,5027634,4731461,430451,430451,7974868,7974868,4047492,3909458,4047492,3909458,2922323,2122806,2922323,2122806,21407398,21407398
2026-04-17,214400,82681,2657230,275354,2848387,2661560,2829292,3105594,1574684,888734,1048532,956604,10844994,8298057,91130,29768,398687,4068092,2097,53952,821,604,2042,30161,355774,5063,578069,4460122,68019,258972,4151038,3119067,491399,857527,632096,535582,226467,276419,323621,218982,6070869,5088320,51500,53628,827252,571694,1038979,1118095,918653,1049354,1276492,1058834,1351758,1073499,5371153,5018586,425049,425049,8034207,8034207,4380862,4691134,4380862,4691134,3079685,2254148,3079685,2254148,22865085,22865085
2026-04-20,208548,78333,2656388,272340,2675484,2625621,2633228,3116893,1643782,888241,1068402,985500,10698064,8154696,86243,29768,407959,4044117,3287,52572,951,906,1825,27622,364861,5083,579508,4445686,67105,256866,4141876,3130146,513539,888902,693549,592057,232448,289647,338604,230498,6133517,5241720,51620,48549,843202,602822,1130078,1243844,994660,1101084,1293372,1082685,1399560,1067114,5644801,5213789,413516,413516,8049425,8049425,4322388,4810939,4322388,4810939,3171427,2288195,3171427,2288195,23055890,23055890
2026-04-21,192664,86488,2665653,280637,1663740,1741028,1660920,2121722,1666103,923191,1096481,1012453,8852379,6258701,88809,29488,417489,4057898,4537,57172,509,489,1686,27401,365421,4869,597094,4458674,72108,246056,4153809,3115078,436467,735411,567780,435080,242173,305172,348223,239877,5945140,4952094,55906,47455,854286,637624,773224,801458,648760,777778,1335272,1117828,1435109,1116393,4937974,4663119,409487,409487,8091237,8091237,2877969,3335069,2877969,3335069,3245234,2373592,3245234,2373592,20332588,20332588
2026-04-22,205111,80972,2752976,284771,2261880,1895174,2147337,2414186,1869517,928214,1136003,1055432,9912872,7118700,88591,29638,417836,4060216,4548,54622,520,489,2639,27275,390498,4439,595511,4485800,70406,253720,4138764,3169231,469533,819012,678084,473066,247963,334633,385025,254363,6080311,5213489,51253,51031,904743,700101,907574,927862,817593,808931,1378397,1182168,1586990,1158056,5351997,5122702,415361,415361,8214319,8214319,3643534,3696671,3643534,3696671,3498516,2472290,3498516,2472290,21940691,21940691
2026-04-23,208638,81896,2803205,286142,2772856,2010009,2586746,2671957,1983559,896480,1163148,1079789,10674747,7869678,85098,29980,433772,4064601,3892,53422,825,479,1951,27887,406385,4770,606022,4507040,68000,258914,4095741,3197895,495010,856649,741870,481179,245952,338036,376872,245816,6099388,5302546,54714,45660,840039,624119,1050361,1073598,992678,840062,1403306,1239778,1688363,1171806,5661796,5362689,416450,416450,8172757,8172757,4322119,3993677,4322119,3993677,3634768,2502181,3634768,2502181,23041953,23041953
2026-04-24,223706,85849,2868654,274913,3167562,2037739,3002126,2771850,2085043,857654,1172249,1050524,11240359,8357511,82381,29436,448251,4132496,3287,51709,840,464,2160,28688,408464,4942,616476,4576642,64025,268104,4106561,3238021,658740,906190,885490,522378,226960,302938,383613,248037,6265413,5545643,60769,47492,848199,626235,1387604,1223176,1328737,924122,1411239,1269200,1761076,1154977,6200188,5842639,430881,430881,8271665,8271665,5217193,4218814,5217193,4218814,3725402,2458480,3725402,2458480,24322435,24322435
2026-04-27,217515,87270,2867625,277230,3009809,2537363,2890247,3123341,1858618,875814,1115667,1024472,11366744,8518227,81382,29540,472323,4162797,4517,55009,1120,464,1944,35540,399854,4252,650715,4598027,65665,271646,4157509,3257251,620796,944737,825375,616983,208156,295725,380905,240857,6292589,5593018,73293,49399,855321,655500,1322701,1355162,1241081,1151482,1446275,1243875,1618567,1181373,6296627,5897403,437855,437855,8352778,8352778,4957823,4892271,4957823,4892271,3514993,2450954,3514993,2450954,24606674,24606674
2026-04-28,197800,73242,2780043,213320,1691540,1135674,1479932,1710981,1031902,407840,613407,586781,7244798,4677663,74324,29166,258333,4053650,20,49158,0,2,89,24459,52396,862,406383,4136076,30223,200901,3963869,3168711,255953,602178,457771,258666,31521,57760,70199,31990,4941504,4188238,27492,26530,739301,305865,578389,677652,588199,495013,469151,592363,796661,462789,3084348,2675057,329839,329839,7741546,7741546,2525902,2464662,2525902,2464662,1532663,1082422,1532663,1082422,15677034,15677034
2026-04-29,193687,76125,2805435,229853,1987715,1542101,1832240,2095516,1204511,487042,730797,684602,8220492,5649133,74581,29139,263087,4105077,4250,49874,320,302,169,25967,85421,1950,417928,4222209,28830,199888,4033261,3204357,293574,653116,509632,319965,56574,87150,103340,54219,5152505,4391401,33914,25860,769704,332200,695785,821986,639133,651294,611947,712030,953643,571418,3645366,3173548,331012,331012,7871487,7871487,2981325,3067077,2981325,3067077,1873201,1312189,1873201,1312189,17436291,17436291
2026-04-30,205791,75633,2849272,229166,2329462,1671237,2202648,2388599,1393673,497062,813562,756886,8946497,6466495,75170,36763,273638,4154819,1998,59480,1041,602,169,27696,115607,2431,438151,4311263,27506,211982,4021980,3223174,351772,715640,572110,356275,79478,109365,129784,76582,5305741,4569907,42884,26973,804566,342297,865299,1008791,772732,709672,677982,821823,1092349,620047,4221345,3564069,351351,351351,7949456,7949456,3548531,3455148,3548531,3455148,2151302,1455946,2151302,1455946,18911734,18911734
2026-05-04,215911,77389,2900610,239668,3324305,2127386,3110216,2782422,1590088,564273,931440,804639,10722574,7945774,75321,36713,275896,4194334,950,68730,1009,602,169,27921,178503,3408,448987,4414569,29308,221880,4044445,3238607,563705,802982,750271,451750,94204,124206,158038,93270,5658849,4913816,44266,28824,831680,380022,1224068,1135601,1251533,899926,783677,875964,1200157,691047,4895256,4451509,364806,364806,8052631,8052631,5113028,4134699,5113028,4134699,2468138,1592364,2468138,1592364,21725667,21725667
2026-05-05,222279,80575,2941026,247758,1845755,1325304,1630719,1969630,1719813,597162,1009103,848667,8651339,5786452,75336,39983,281353,4215594,950,65802,432,2,169,28978,224096,4447,452588,4484554,29599,227732,4059526,3268254,289256,690801,496740,308510,103483,134808,175780,101156,5307473,4578172,49510,28434,846274,396573,643971,806744,652042,610509,853461,917419,1267947,724097,4117379,3679602,376724,376724,8128179,8128179,2779933,2888651,2779933,2888651,2676926,1678367,2676926,1678367,18528779,18528779
2026-05-06,213726,83406,2964791,244369,2041767,1909683,2010078,2486421,1732563,647496,1083649,874642,9510027,6782565,75394,39401,295710,4262397,1434,66292,702,58,225,30442,265041,5517,469497,4573116,35750,230345,4086060,3287020,368811,751767,559231,395364,129453,157105,199718,127151,5528947,4798829,60759,32477,867102,419877,843307,1027724,685309,873624,963367,954331,1277200,782064,4716590,4070550,385629,385629,8213663,8213663,3255320,3755467,3255320,3755467,2825608,1789374,2825608,1789374,20225060,20225060
2026-05-07,223840,83695,3026067,260194,2511876,2065030,2370611,2786015,1864606,700300,1134741,928955,10391719,7564211,75341,38201,303723,4239720,1434,59092,702,58,225,30982,282453,6174,470797,4567308,37177,233125,4074387,3332477,356458,781143,613358,402957,145968,169390,214376,141202,5564523,4937495,58117,39454,867220,439006,937627,1150181,822725,866416,996193,993377,1375422,817718,5002715,4360740,394475,394475,8271397,8271397,3807395,4055446,3807395,4055446,3006992,1894049,3006992,1894049,21429754,21429754
2026-05-08,236329,86420,3073729,261055,2956938,2140675,2766242,2884175,2085790,730703,1214761,987379,11224164,8200032,74899,35553,299120,4249159,1434,57802,732,354,225,30982,307866,6379,464462,4600043,34616,244728,4042221,3359338,472541,817039,722675,431086,157287,181968,233957,153755,5705671,5145539,59076,38219,896600,442118,1079081,1160190,1020344,860090,1063148,1063692,1549866,859832,5321787,4770470,404920,404920,8311670,8311670,4509994,4175705,4509994,4175705,3306450,2007345,3306450,2007345,22716084,22716084
2026-05-11,248266,91006,3088887,261165,3809959,2258306,3481152,2975724,2313499,730224,1271056,1015506,12449141,9095609,73012,35093,298134,4266593,1434,56102,1057,354,236,31161,330352,6424,460079,4639873,33374,254343,4041777,3383122,523725,859256,822482,446661,163799,206265,260004,162773,5828197,5329385,65601,39811,923361,441279,1351404,1180004,1381832,930930,1086797,1090588,1702919,873535,5697755,5370306,420253,420253,8352159,8352159,5686523,4353669,5686523,4353669,3564331,2058238,3564331,2058238,24435173,24435173
2026-05-12,274236,95887,3075599,261831,2288344,1346589,1854505,2056677,2470951,704209,1310013,1020257,10159927,6599170,70954,35136,311783,4269902,1514,48403,860,600,695,31201,374861,6453,464550,4687812,33763,270907,4067612,3423256,373291,812130,623294,336181,166814,235232,286866,167324,5688842,5107828,70453,47476,963941,463946,704955,796797,889444,610460,1112572,1107538,1779292,884146,4756255,4674765,449406,449406,8418935,8418935,3368103,3003918,3368103,3003918,3751032,2078180,3751032,2078180,21069574,21069574
2026-05-13,272041,98222,3092455,278152,2611201,1775104,2286374,2409927,2530233,768366,1344577,1031521,11049399,7448773,71019,35036,326868,4304640,1774,50303,1150,635,702,32868,394995,7415,483534,4743871,32871,270745,4103711,3432235,428267,832593,682279,388545,183325,254188,306611,178435,5834955,5258850,72735,44663,982792,490799,879392,890651,950830,749543,1146931,1108585,1815008,946636,5081086,4997480,448666,448666,8505826,8505826,3920634,3548650,3920634,3548650,3861191,2164007,3861191,2164007,22448974,22448974
2026-05-14,261431,95933,3098197,280882,2508763,2361152,2353622,2918268,2541389,818369,1373541,1044972,11589301,8067219,71227,39036,335586,4279112,1824,52008,1135,630,738,33196,409806,8039,494579,4737758,35074,260685,4135442,3482101,424050,864744,656098,485115,198046,260856,335171,199756,5918212,5418926,69430,41508,995662,522792,968752,1055867,892534,929757,1186259,1124856,1807914,984510,5400826,5179015,437162,437162,8564887,8564887,3903389,4333770,3903389,4333770,3926432,2237277,3926432,2237277,23402917,23402917
2026-05-15,259336,100614,3088919,285062,2921368,2446899,2858972,3130948,2615488,819486,1386675,1066728,12151496,8828999,71251,39277,343106,4239629,1819,53854,1398,600,738,31221,420505,8554,501989,4709963,35826,252333,4149099,3506968,532822,904311,789341,513070,218916,280769,348988,217394,6121743,5628094,67970,42159,993695,543160,1249664,1173138,1055962,933583,1192019,1145938,1870993,984738,5822424,5430596,434383,434383,8574819,8574819,4705673,4578202,4705673,4578202,4027161,2277414,4027161,2277414,24597652,24597652
2026-05-18,251393,101045,3071144,280965,3033226,3106383,3046311,3717967,2639658,823504,1399580,1070053,12925308,9615921,67164,39237,360352,4236736,1884,60258,884,490,738,30768,461280,8921,521164,4747548,34922,244788,4158769,3525497,517083,1089492,731449,686328,236516,301867,370828,230659,6338649,5789549,70978,39387,1010788,557855,1321533,1468297,1095083,1319645,1231377,1163849,1876601,1010355,6266822,5898926,424457,424457,8601053,8601053,4873726,5724430,4873726,5724430,4108289,2319988,4108289,2319988,26051943,26051943
2026-05-19,254202,98421,3085145,286560,2090148,1546904,1865841,2196644,2636550,826918,1407858,1091203,10439866,6946527,67196,37737,389024,4241838,3634,57933,1024,340,1068,31107,479288,9744,549962,4769971,35238,251518,4160037,3553115,406028,813798,611362,385995,252804,313973,381233,244199,5981878,5427422,70724,39684,1045938,598631,751501,901533,773083,737190,1266543,1194034,1888586,1020886,5230273,5058059,427360,427360,8680144,8680144,3251310,3320168,3251310,3320168,4156965,2366032,4156965,2366032,22201979,22201979
2026-05-20,255741,97717,3118637,290580,2239775,2117526,2136871,2680124,2594676,842148,1405539,1098426,11168502,7709257,67455,37712,403505,4256781,4434,57533,964,300,1068,31297,497149,9835,565292,4802741,35093,257613,4183382,3602126,441464,854211,663620,475740,241966,309204,376650,240614,6065320,5616362,72341,37588,1104206,660243,873281,1036217,757499,909323,1306360,1220046,1864732,1053820,5612451,5283205,430630,430630,8809730,8809730,3558954,4065487,3558954,4065487,4144070,2402695,4144070,2402695,23411565,23411565
2026-05-21,261355,98212,3134943,275287,2925068,2232722,2708891,2919021,2530666,826985,1373053,1104416,11911739,8478880,67316,37772,418403,4271635,4643,50304,915,300,1166,31297,502895,10935,573129,4824452,35690,266880,4157045,3579589,564691,919425,820753,504978,246627,311965,374615,237316,6235443,5784131,81514,43011,988366,572246,1065425,1111435,1029268,889588,1321209,1243847,1849105,1061427,5811797,5444645,445875,445875,8698757,8698757,4559827,4313886,4559827,4313886,4099668,2414094,4099668,2414094,24532107,24532107
2026-05-22,254325,92661,3132410,274494,2644777,2446220,2718504,3083482,2373278,839786,1343013,1089193,11690797,8601346,67686,37619,435198,4321198,14281,56708,865,300,1098,30831,488882,10701,605802,4859565,43530,268522,4182673,3546361,653857,926504,815806,532543,244303,308176,366368,236884,6359043,5766484,82231,48970,926977,535205,1239552,1190072,1017293,1003180,1334772,1250438,1755188,1092453,6024042,5452288,447772,447772,8677258,8677258,4552468,4619504,4552468,4619504,3953451,2429231,3953451,2429231,24679684,24679684
2026-05-25,236960,94928,3125923,282539,2633517,3184259,2747313,3717343,2154642,834824,1276225,1068973,12170125,9187321,70495,37982,444752,4326741,4056,56762,602,300,1171,34454,487491,10461,611690,4863577,51190,266167,4199409,3528303,799957,1024401,843791,668943,231621,294910,348010,226447,6601488,5881661,88702,48270,888658,521159,1277534,1428659,1123359,1307494,1312343,1197196,1588051,1055503,6193092,5643836,447347,447347,8658742,8658742,4715064,5694081,4715064,5694081,3699777,2361384,3699777,2361384,25576395,25576395
2026-05-26,203646,83663,3005478,196487,1629668,1276980,1471635,1911829,899166,416067,615325,613424,7431005,4892363,74983,35781,271829,4170590,1176,32201,0,0,28,26204,61847,2090,406421,4270308,38261,191126,4030223,3381136,320160,681647,520515,246905,43016,74085,85655,50509,5187392,4475846,23038,29358,741381,300698,555957,667344,514811,499437,447817,549337,627200,399670,2984874,2371174,339928,339928,8048911,8048911,2506961,2658171,2506961,2658171,1390027,1065693,1390027,1065693,16009692,16009692
2026-05-27,215846,78846,3068923,218849,2172971,1720920,2067315,2426032,1112789,506321,768855,735060,8797770,6294957,70785,35961,284078,4214429,5436,32351,0,0,23,30880,86936,4406,423553,4341732,38864,201876,4045376,3406908,426192,768438,633361,331028,60047,100243,115467,71291,5439160,4759931,23635,32447,779660,337851,756728,892083,660652,656732,569421,661361,771022,488048,3682889,2946752,349130,349130,8178037,8178037,3361328,3413792,3361328,3413792,1742280,1298805,1742280,1298805,18343372,18343372
2026-05-29,242451,89019,3164055,209222,3203100,1884923,3057999,2670685,1346391,531177,865193,830070,10372097,7722188,73902,36223,298128,4383275,6501,34309,0,0,3,30880,106252,4714,443723,4530464,31724,233033,4005908,3359696,553247,842769,823871,381083,77080,125449,151398,95723,5636177,5044804,45121,34923,835785,351683,1242937,1063624,1123915,773857,642491,773239,943122,530238,4603197,3757738,393198,393198,8303876,8303876,5005786,3825625,5005786,3825625,2065965,1460745,2065965,1460745,21055194,21055194
2026-06-01,260863,88077,3165393,214431,3861508,2158229,3594686,2953549,1568220,563479,940297,887543,11577692,8678583,69661,34473,306882,4402595,6601,25337,50,0,3,30880,148394,5203,439364,4590715,26822,250002,4024076,3384276,640525,869221,894212,375175,88784,144339,173666,110937,5793767,5188268,51681,36475,854443,349492,1385065,1107028,1404751,831090,692792,834520,1087442,569535,4925529,4278785,409027,409027,8350794,8350794,5893699,4159814,5893699,4159814,2349799,1573218,2349799,1573218,22736351,22736351
2026-06-02,269410,82885,3166657,228879,1988574,1425709,1696634,2149721,1664264,600177,1005687,923449,9114791,6087255,65965,33084,334878,4508321,7251,23860,30,0,14,30880,215338,5535,462848,4762308,24538,254634,4027528,3292711,382230,795091,662013,299989,115920,169499,193513,126850,5514805,4829709,45586,34896,859903,359055,655550,780463,674928,575412,770006,878873,1135666,623595,3990381,3403553,405499,405499,8388966,8388966,3033605,3025122,3033605,3025122,2550204,1679429,2550204,1679429,19082825,19082825
2026-06-03,277894,81809,3224593,220096,2274631,1817274,2111732,2577771,1809915,605741,1041671,976174,10010047,7009253,66156,29722,349735,4564681,7726,23880,0,20,14,30880,242873,8137,478391,4845433,25951,285204,3987022,3296202,487011,903225,738356,365221,133089,202216,227173,132875,5738514,5045032,62276,35542,897288,377659,915544,923547,834822,724913,805133,938525,1236434,660176,4542312,3869546,432277,432277,8458638,8458638,3684911,3667926,3684911,3667926,2748151,1777362,2748151,1777362,20769264,20769264
2026-06-04,283258,79589,3253734,219271,2654982,2213601,2497471,2981624,1898076,625913,1073834,1000295,10929564,7852084,66500,29722,352479,4602944,7746,23880,0,0,14,30893,261037,8940,481512,4902643,28171,292739,3994648,3305830,514106,920148,788094,403282,139392,219675,241321,142284,5816140,5173550,64404,40283,903366,376182,1066328,1026039,957595,798763,828432,960349,1289722,685311,4848918,4147857,442333,442333,8504227,8504227,4243161,4183668,4243161,4183668,2865914,1836830,2865914,1836830,22076134,22076134
2026-06-05,286458,78010,3256645,217975,3219313,2249212,3132182,3060615,2057555,634603,1132640,1023419,11703786,8644841,66330,28937,360339,4635030,7899,23885,0,45,394,30893,272576,9604,489740,4946192,25958,293664,4008540,3307562,591082,977772,867141,447544,145131,235766,261997,150635,5984249,5328543,62649,40784,917180,382137,1414049,1110215,1233021,852879,854311,991976,1390178,709580,5350380,4608579,441395,441395,8542704,8542704,5232343,4361084,5232343,4361084,3057391,1893238,3057391,1893238,23528155,23528155
2026-06-08,291791,80764,3226541,225586,3782454,2415737,3589144,3235807,2213458,634131,1163377,1046842,12564112,9341519,64282,20337,362502,4638462,7899,23875,30,18,394,30893,317174,11246,489845,4987267,24810,302424,4016575,3316826,672055,1000213,965991,450778,151193,252819,278223,158109,6117665,5472350,63140,40498,942040,366784,1404683,1176722,1311926,929945,883888,1025815,1490159,727461,5496287,4866774,444023,444023,8547658,8547658,5867091,4616547,5867091,4616547,3248933,1943658,3248933,1943658,24667910,24667910
2026-06-09,282229,77643,3234153,218533,1986157,1534690,1753032,2263172,2258480,664978,1200508,1056481,9960686,6569369,65697,15637,366670,4679063,7919,23875,40,18,388,30880,345015,11401,495429,5051174,31170,308171,4046562,3308351,446983,870166,713453,343108,163044,266713,298250,164377,5824638,5135710,62075,39720,931423,372861,706394,836168,680928,658601,927483,1037109,1505622,767421,4500652,4025152,441171,441171,8578808,8578808,3147453,3264899,3147453,3264899,3349395,1999680,3349395,1999680,20781406,20781406
2026-06-10,277954,71591,3210912,230310,2550804,1808760,2335558,2576597,2378872,665267,1235034,1080299,10892569,7529389,68620,15031,372806,4650791,8194,24380,40,3,751,31551,359904,11937,506302,5037706,32698,304677,4058928,3329768,521246,930475,798673,399488,177305,286602,319195,172508,6007254,5324308,58510,46483,936324,368101,898562,953417,844534,740944,931337,1059122,1574132,777798,4837271,4351992,437782,437782,8578970,8578970,3978805,3717032,3978805,3717032,3488265,2042542,3488265,2042542,22243396,22243396
2026-06-11,274729,74884,3215219,231574,2770839,2155088,2580584,2925866,2472846,679220,1278128,1099575,11567940,8190611,68407,12331,381601,4658719,8194,24380,40,3,772,33324,376300,12417,516678,5059810,34564,301547,4080638,3361530,537462,995295,831387,457456,187925,305811,349370,180698,6141695,5481989,56371,45309,948345,373980,968919,1013851,873402,805288,956488,1079861,1614233,805526,5023835,4517738,434071,434071,8625803,8625803,4285413,4188614,4285413,4188614,3618031,2098216,3618031,2098216,23250148,23250148
2026-06-12,258005,77605,3198550,218213,2499577,3015372,2476544,3727671,2327573,714466,1298216,1093239,12013543,8891488,75317,13508,391708,4699485,10634,18986,400,51,768,33521,390751,12639,530934,5116834,39971,283594,4122991,3339091,623418,1194064,832438,651452,211652,314663,359343,202290,6506758,5668207,56144,54730,927953,384413,1054697,1441958,878944,1291206,1057309,1090295,1548992,844777,5628357,5003062,429437,429437,8641202,8641202,4188325,5670380,4188325,5670380,3597302,2152945,3597302,2152945,24679592,24679592
2026-06-15,248989,77808,3191341,226273,3471569,2946678,3283652,3615349,2398927,764552,1326728,1114515,13022056,9644325,82961,8989,402729,4669287,12367,18126,420,51,768,33665,396300,13844,550616,5088891,41074,282315,4135474,3344880,672396,1145247,924723,600061,236813,332125,378538,234653,6563129,5765169,49496,53408,920713,409817,1360281,1355607,1307819,1250198,1105445,1121880,1640387,889210,5913423,5550839,422520,422520,8650257,8650257,5516613,5465659,5516613,5465659,3741953,2252222,3741953,2252222,26049224,26049224
2026-06-16,239851,76938,3206531,234155,2076108,1734177,1850911,2334347,2432044,793436,1363247,1138798,10482147,6998396,81423,13589,403062,4642726,14370,18066,400,65,770,33445,392381,13456,551136,5062617,39125,268725,4121804,3358072,494509,972009,726531,420721,247950,346331,394465,245720,6221728,5414234,49918,51065,929182,425626,695469,786578,702613,755698,1138664,1137344,1669335,912582,4737155,4516919,410317,410317,8660579,8660579,3280456,3510830,3280456,3510830,3819428,2310556,3819428,2310556,21992166,21992166
2026-06-17,232345,75417,3210147,248502,2408405,2213511,2183516,2779037,2470256,856012,1388647,1174214,11390677,7849332,81249,13589,415236,4622785,11863,20366,430,65,851,33990,400243,14978,563555,5052090,39837,264525,4110782,3360835,538259,1018888,801310,471414,271232,366841,420433,272002,6345840,5590520,49466,49366,951240,455283,865331,913787,838603,916036,1184858,1163148,1717874,958797,5127830,4935959,402897,402897,8687405,8687405,3823859,4166552,3823859,4166552,3927197,2419991,3927197,2419991,23427901,23427901
2026-06-18,229204,73795,3247402,266133,2644774,2552873,2512637,3188046,2510839,884152,1407899,1197319,12069244,8645830,83186,13589,434984,4607637,12434,24966,445,135,872,35039,408841,16479,591481,5047126,40846,262322,4092772,3385294,592087,1080328,832766,517665,286786,389273,440300,285514,6482092,5723861,47949,51479,979531,495625,983601,1072551,887048,1024872,1228095,1183757,1769552,992909,5495484,5221484,401185,401185,8754689,8754689,4232896,4730718,4232896,4730718,4026592,2492221,4026592,2492221,24638301,24638301
2026-06-19,238409,76124,3299193,282940,3119888,2416378,2974782,3193601,2663304,863992,1441716,1227636,12601164,9196799,84100,11589,459287,4594205,12434,22666,430,135,816,36008,421905,17617,615311,5045881,39587,266010,4108754,3474848,640164,1157965,940484,528275,302448,430391,476136,294863,6679309,5980616,46731,55104,1027166,542407,1216287,1043549,1073078,918547,1273667,1216947,1900478,1007222,5824347,5496836,408827,408827,8894400,8894400,4988774,4640558,4988774,4640558,4240235,2547338,4240235,2547338,25720132,25720132
2026-06-22,228174,74152,3309424,305053,3508302,2886603,3296883,3585324,2706964,900648,1466620,1227787,13540115,9955819,79200,11631,460307,4569282,8454,22666,200,85,828,36957,421997,18098,608412,5021293,39777,262561,4108505,3497332,679021,1231195,974503,584453,313562,448006,492938,310677,6820066,6122464,50641,49448,1062416,568985,1274503,1209480,1198693,1180082,1298742,1211630,1938541,1040679,6107412,5976428,397792,397792,8940652,8940652,5470280,5349944,5470280,5349944,4320096,2597241,4320096,2597241,27076005,27076005
2026-06-23,242243,78805,3339310,312318,2554240,1698424,2235307,2436023,2730876,826628,1459410,1228595,11391721,7750459,78979,11725,431484,4529693,25954,20647,220,85,857,36504,410202,18203,594425,4970128,40727,269288,4128938,3533896,593936,1087379,868929,415123,323348,470379,513744,320625,6644707,5921604,48501,50632,1104672,628497,866585,767713,936259,722932,1279945,1241055,1951670,1007143,5308471,5297134,410450,410450,9004404,9004404,4040715,3574163,4040715,3574163,4335026,2574566,4335026,2574566,23939324,23939324
2026-06-24,235429,81280,3278555,297618,2481053,2544224,2367862,3128163,2626261,869628,1458983,1235683,12035150,8569589,78988,12525,443022,4502152,25954,20647,60,994,766,37447,407541,18014,606824,4941286,46870,275923,4081121,3444664,554506,1179334,845271,575924,321954,467762,502043,313827,6651547,5957651,56066,47625,1015702,573966,919946,975624,768266,1014749,1342934,1258682,1923348,1065995,5568954,5393948,417353,417353,8818400,8818400,3981458,4719829,3981458,4719829,4291915,2633519,4291915,2633519,24862475,24862475
2026-06-25,231872,80830,3259903,303989,2891581,2568557,2752062,3299456,2480021,847901,1408607,1209772,12279835,9054716,81983,12596,448696,4468679,5994,21107,0,994,801,39896,408743,18654,598477,4909666,51212,275021,4072069,3419078,655869,1184577,915781,587931,340495,492661,521189,326125,6796883,6045125,54221,50841,973582,562504,964008,1013226,849609,899086,1380812,1276235,1863590,1102142,5662084,5327772,419288,419288,8754250,8754250,4517452,4787467,4517452,4787467,4202129,2656693,4202129,2656693,25337279,25337279
2026-06-29,244810,77464,3250779,294315,3863212,2826521,3647290,3573429,2358177,825355,1343194,1179028,13368854,10114720,82029,11796,469740,4482036,6109,25857,50,194,783,43012,408852,17653,627530,4920581,60489,294940,4035844,3359553,871182,1263889,1116554,647669,297462,462641,501572,302892,6991507,6223179,49806,52934,964315,584774,1410184,1209175,1386793,1104152,1369821,1256035,1772625,1087470,6259337,5988748,437134,437134,8720678,8720678,6150687,5325443,6150687,5325443,4026243,2587043,4026243,2587043,27247228,27247228
2026-06-30,247940,61833,3159794,185689,1786336,1224600,1594036,1941469,1105057,411416,642125,651636,7935143,5076787,72667,11786,246518,4278999,3350,23205,0,179,51,32387,70400,2499,378178,4363863,33502,289912,3743679,3233585,330405,750617,563503,218081,60661,105861,109986,66164,5024724,4481231,39762,30340,854102,305820,575773,700644,538325,539336,445389,612221,788647,441586,3227890,2644054,393871,393871,8004093,8004093,2695864,2699065,2695864,2699065,1611158,1161885,1611158,1161885,16565936,16565936
2026-07-01,251066,63543,3194768,198901,2163161,1888743,2028147,2586510,1345153,502739,783794,753173,9345630,6414068,72675,11786,253022,4287615,3485,25675,0,179,125,33238,134092,2939,388220,4436611,32476,292535,3771958,3275109,424988,881237,674108,375453,89291,142092,154834,98102,5342042,4870141,40082,28435,869585,327708,736795,907476,626175,740987,595463,727741,957312,551596,3877142,3232213,396299,396299,8089333,8089333,3328429,3703130,3328429,3703130,2030032,1405810,2030032,1405810,18953033,18953033
2026-07-02,243441,65455,3188761,209794,2268313,2447661,2209220,3024894,1398494,552702,879183,798193,10099372,7186739,76185,11589,260380,4299854,3460,25675,40,1019,91,34259,160828,4275,400050,4477605,29443,286343,3804985,3270416,439185,859057,664085,417015,120063,171871,184025,118217,5424604,4940101,40808,26490,865927,339989,772614,974285,610227,863750,703710,771167,998322,609314,4128511,3448093,389877,389877,8120053,8120053,3483572,4306678,3483572,4306678,2222358,1529999,2222358,1529999,20052537,20052537
2026-07-03,239868,67171,3193072,215579,3096998,2747363,3007973,3360184,1543742,596642,970696,863839,11417685,8485442,76163,11589,273405,4308220,4090,26055,835,1014,329,34684,201545,6163,414726,4529366,29772,280539,3835098,3287749,479396,921556,712869,444381,138001,199213,218447,134068,5603036,5078053,44875,31379,866163,356190,929076,1027040,787884,916435,801053,838873,1092437,665342,4507080,3849667,390678,390678,8167738,8167738,4509560,4722015,4509560,4722015,2483125,1669412,2483125,1669412,21942527,21942527
2026-07-06,232341,67709,3179272,234871,2801650,3400685,2754218,3913827,1634622,648181,1038830,897275,11896752,8906730,77668,11572,287044,4297008,4195,26015,800,1779,359,35410,238644,6859,430691,4556662,32686,273965,3856372,3284328,481814,973972,670467,516945,151938,214429,239161,151451,5711211,5136316,42645,32094,864025,370506,962571,1246877,824746,1214999,869717,869926,1140001,712361,4855761,4294706,385340,385340,8186713,8186713,4250230,5647550,4250230,5647550,2656636,1767946,2656636,1767946,22894415,22894415
2026-07-07,228252,64093,3162432,246922,1803242,1500941,1631914,2015837,1779543,675542,1083796,940303,9149952,5982864,80816,11572,287662,4279786,5290,26027,90,229,434,35491,283816,8721,435720,4584214,32710,271548,3845780,3242088,355937,718833,544458,275050,164789,235205,259677,162062,5353254,4754883,38805,33370,867367,394445,583538,632342,571546,587027,909534,922116,1227011,757268,3953702,3570667,380583,380583,8163241,8163241,2748007,2878143,2748007,2878143,2854300,1868354,2854300,1868354,18892629,18892629
2026-07-08,245471,58316,3095220,233127,2773248,1722410,2479076,2351332,1858115,613580,1084323,967950,10308044,7174124,79832,8602,298456,4219367,6745,28169,940,369,523,35450,303692,9169,449175,4542139,30225,298811,3804278,3226723,486150,912286,769301,365622,180386,280738,293100,169283,5694063,5122840,46256,36055,888725,407462,920746,744822,937573,690364,934059,997230,1291968,780596,4531838,4144018,401784,401784,8086679,8086679,4186889,3407688,4186889,3407688,2973083,1926998,2973083,1926998,20983120,20983120
2026-07-09,238476,58860,3125733,248751,2877150,2163635,2705175,2809195,1976641,676441,1142350,1004755,11058077,7969086,78283,8602,301278,4245102,7051,28649,950,369,938,35460,338373,10581,451659,4603977,31455,297706,3815377,3223806,496386,935784,752614,411559,192966,308050,321635,179688,5780018,5187008,50489,33535,901430,426159,906869,886700,828716,793645,987339,1013607,1355526,838534,4746433,4276115,398703,398703,8143818,8143818,4287456,4014768,4287456,4014768,3157884,2033558,3157884,2033558,22036187,22036187
2026-07-10,230182,60551,3108529,263369,2678011,2788195,2639136,3417713,2003068,723858,1179146,1024910,11531843,8584825,78304,10880,322858,4261952,5721,28739,900,304,3608,35710,347527,11211,474940,4632774,34427,289138,3841103,3202675,520634,1058720,739245,580162,207763,324926,341584,199856,5987572,5352660,51172,33516,903186,447680,973913,1201939,798997,1079415,1037959,1031050,1384141,879567,5199219,4623316,394085,394085,8175676,8175676,4178278,5077593,4178278,5077593,3252398,2115544,3252398,2115544,23193575,23193575
2026-07-13,228874,62043,3136160,276185,2916605,3534672,2897584,4141090,2086335,765610,1220523,1066816,12668256,9664241,78213,10880,339787,4278776,6036,32812,915,304,4291,35911,359648,11056,497050,4661579,32009,287122,3833241,3205416,507535,1075158,683709,620999,233101,348062,364076,224004,6029106,5385326,50458,29509,922639,471450,1002009,1470340,849976,1350590,1089521,1067104,1469001,914811,5602071,5085336,389554,389554,8231827,8231827,4432184,6112983,4432184,6112983,3413248,2216687,3413248,2216687,24796483,24796483
2026-07-14,236786,57754,3165551,283269,1988310,1558376,1862244,2187395,2269314,763585,1259925,1109923,9981922,6760509,76373,10960,356748,4248154,6095,32414,830,154,4291,35740,398700,11704,511661,4670502,26671,292136,3783940,3237702,425667,815790,604801,317466,238754,366432,383025,231459,5657254,5066589,48801,27781,964424,501538,716728,723668,668925,625233,1093582,1112376,1564291,925047,4659579,4312815,388631,388631,8270663,8270663,3136800,3130248,3136800,3130248,3605941,2278133,3605941,2278133,20810416,20810416
2026-07-15,230456,57864,3180859,296919,2468399,1859909,2356107,2510574,2376193,799482,1304567,1144374,10915298,7670405,76670,10920,379348,4242463,5990,32404,800,274,6015,35447,405655,11877,535874,4671989,26357,289069,3770340,3252827,454643,894399,684037,393471,247095,381573,402141,240518,5774407,5262063,52300,27930,998927,537265,880391,801196,768480,683589,1115287,1136413,1632227,956146,4984514,4605637,385783,385783,8329474,8329474,3809423,3587908,3809423,3587908,3744590,2352915,3744590,2352915,22210093,22210093
2026-07-16,228686,59851,3179481,296958,2705275,2103936,2620666,2749094,2435365,832253,1341188,1168589,11484996,8236346,74619,10920,374634,4264717,7715,32404,0,214,4691,36141,411856,13788,530204,4701495,25419,275305,3784692,3250525,484524,915636,703407,427465,263460,394183,423850,253329,5867913,5333881,46950,29598,1039156,565763,944098,891192,817538,766395,1136926,1154204,1663548,981075,5212526,4823916,375674,375674,8377963,8377963,4141611,3943167,4141611,3943167,3840442,2416781,3840442,2416781,23095638,23095638
2026-07-17,219094,73128,3158159,324434,2387972,3123046,2599692,3593778,2453961,870360,1364450,1200956,12212592,9156437,74763,15604,395684,4246695,7590,32374,26,164,4775,36207,417897,12862,551393,4693248,30554,247082,3780034,3226489,584454,1048195,653865,650336,289458,411527,441030,275812,6144222,5494614,40283,28880,1072053,608312,1063247,1304060,789680,1263397,1184422,1188881,1709239,1017345,5852945,5416853,364694,364694,8405930,8405930,4043263,5507675,4043263,5507675,3932616,2506975,3932616,2506975,24761152,24761152
2026-07-20,215325,65941,3164722,312153,2859358,3159938,2963923,3777033,2540934,897321,1410599,1229221,12837597,9758870,74318,15512,394872,4252674,7640,33849,40,182,3170,36931,428228,14296,550780,4710932,25335,245158,3764392,3210689,538235,1038902,688092,628369,307340,443144,470436,289608,6117349,5532352,46089,34456,1090966,639436,1111291,1323625,864469,1150730,1233923,1206148,1776104,1050419,6012042,5515614,361067,361067,8414952,8414952,4516524,5556314,4516524,5556314,4085367,2583544,4085367,2583544,25517768,25517768
2026-07-21,214933,66852,3211868,322286,2226814,1721080,2080039,2330256,2615938,882121,1439173,1264269,10872754,7502875,91039,15512,397830,4247390,7715,33897,30,182,3135,40123,434337,14320,573739,4711771,23712,252559,3764692,3240746,472444,871686,642499,362759,302032,452527,480099,288309,5887094,5266971,41021,35782,1127312,691280,724714,779626,709118,713092,1235041,1234638,1802537,1042511,5142352,4994321,370705,370705,8501702,8501702,3431687,3406289,3431687,3406289,4156146,2609409,4156146,2609409,22475938,22475938
2026-07-22,227949,63366,3224508,333164,3016955,2004385,2844682,2696167,2650670,884283,1450033,1289420,12008750,8676833,89529,15707,401268,4222046,7815,34284,120,182,3948,39753,436026,13683,576597,4687764,24436,276140,3772145,3261469,588956,1009374,837929,464966,296141,460314,484378,290769,6151367,5615651,44801,31502,1163936,745178,1084005,897069,1015000,783797,1248634,1280350,1828956,1070828,5718795,5475261,386715,386715,8561857,8561857,4697731,3945113,4697731,3945113,4199393,2664700,4199393,2664700,24455509,24455509
2026-07-23,232911,65424,3196204,316879,3445334,2142806,3278282,2912153,2585785,881659,1428436,1284204,12484698,9285379,83066,15760,403988,4228114,7815,35354,225,185,3941,40517,440140,14979,574681,4699403,24274,287356,3753431,3206282,618665,1037634,933152,491106,287043,462095,468711,280391,6183142,5666999,60363,32074,1049022,651370,1233629,957379,1093784,769727,1243157,1293427,1782639,1098124,5836978,5427718,400614,400614,8402645,8402645,5305443,4173172,5305443,4173172,4119926,2677698,4119926,2677698,25079499,25079499
2026-07-24,239763,63265,3192332,278253,3506533,2630865,3461767,3333756,2491560,842003,1376379,1243565,12903057,9756985,80806,15678,406764,4311708,7815,41274,275,225,4572,37206,438114,15569,578437,4781569,28237,299084,3754752,3180040,681831,1125560,940641,590382,263541,462387,480276,268634,6316307,5759057,64445,35224,975847,559694,1325852,1056485,1119349,929820,1226600,1262397,1691504,1076225,5911626,5411816,413251,413251,8329695,8329695,5522031,4854184,5522031,4854184,3986273,2603993,3986273,2603993,25709427,25709427
2026-07-27,230926,61733,3186895,288415,3446702,3189753,3380079,3844111,2294175,844028,1302463,1188593,13192479,10065394,80730,15645,420312,4350550,7770,50746,235,225,3210,38913,424580,14998,601681,4806233,28429,295354,3745860,3094669,693833,1124890,919371,642841,233384,409618,446293,232750,6236014,5631278,65692,33045,922798,542231,1233529,1269977,1082150,1148189,1211879,1206111,1569312,1062329,5909986,5437256,405777,405777,8275865,8275865,5381835,5635365,5381835,5635365,3742648,2498670,3742648,2498670,25940160,25940160
2026-07-28,205837,52584,3072856,194452,1757449,1373039,1568403,1996366,1061765,457117,649152,709131,7928063,5170088,70112,15641,258616,4199595,3360,38202,80,125,964,32133,76768,4478,403387,4296687,21862,227463,3515193,2950984,304843,733568,552390,211668,61979,112413,109843,49406,4749858,4101754,20281,22404,817070,318704,532086,553144,476865,489794,433001,601419,721946,440067,2957002,2469780,318092,318092,7663735,7663735,2597738,2697954,2597738,2697954,1557709,1203082,1557709,1203082,16038310,16038310
2026-07-29,192134,56744,3055276,211014,2023947,2074938,2015299,2561131,1257311,565935,800025,804234,9169541,6448447,69833,15641,269347,4217525,4410,46039,80,125,964,34646,128890,6552,425239,4368813,23204,218022,3510264,2883886,402321,778070,560534,300894,84303,139996,137144,64573,4938158,4165052,27987,22751,810213,332675,715192,738386,569957,775283,589174,692814,865693,558032,3573766,3124391,313158,313158,7645100,7645100,3145870,3637433,3145870,3637433,1931752,1433391,1931752,1433391,18106703,18106703
2026-07-30,192228,58740,3073832,218238,2275804,2524210,2235930,2994419,1427757,634182,899229,896598,10128013,7303154,69579,20021,270241,4201679,4425,52470,80,65,964,37950,165362,7324,435629,4394531,24435,211047,3497629,2875340,424574,798055,600859,357330,96129,164399,161367,78417,5005220,4284360,27208,23642,806601,353046,776587,868220,644520,891141,666844,768620,965736,622812,3914080,3500897,313450,313450,7648303,7648303,3481389,4242955,3481389,4242955,2191694,1605151,2191694,1605151,19482942,19482942
2026-07-31,189825,61901,3074728,227207,2558236,2962505,2534120,3650125,1556444,714188,992833,959591,11055927,8425777,65228,20021,275335,4215043,4575,52790,80,90,1004,39292,181987,7946,438224,4425167,24761,197874,3504120,2859657,452291,908013,636816,454243,110728,188406,184669,95058,5188318,4428317,25720,25738,811664,363940,892107,1286439,736193,1105289,737037,812102,1045724,691393,4565069,3968277,305534,305534,7665847,7665847,3907209,5209747,3907209,5209747,2405213,1753988,2405213,1753988,21247539,21247539
2026-08-03,180339,64057,3084746,234348,2812903,3482907,2870577,4043939,1681420,771582,1044379,991021,12013897,9248320,65551,19896,284282,4207205,5140,52750,900,845,1004,39440,219005,9344,448167,4457195,26545,177361,3495859,2852633,512688,988969,641218,555574,126007,209336,206830,111419,5359404,4545034,23296,34417,806744,377445,975714,1291329,793751,1215597,801174,844018,1139391,752592,4742275,4313193,295731,295731,7671631,7671631,4306445,5815954,4306445,5815954,2609605,1864376,2609605,1864376,22563742,22563742
2026-08-04,193780,59483,3138160,257471,2036751,1672968,1858946,2172970,1845632,788203,1095406,1049378,9675495,6493654,53395,15556,288649,4208241,5370,48525,100,0,50,39515,223253,9896,435504,4457046,25701,179474,3492641,2865103,419226,758507,584223,272779,136451,228119,224413,120825,5060645,4246817,24532,42895,808127,396762,650792,567612,668870,601864,803275,895705,1242336,771443,3750043,3724170,297408,297408,7727577,7727577,3112139,3047613,3112139,3047613,2785408,1951542,2785408,1951542,18921687,18921687
2026-08-05,194961,58810,3163265,261342,2555208,1987886,2479092,2545506,1980975,828207,1167924,1099886,10710502,7612560,54768,19776,291515,4253166,5340,49779,80,0,50,39535,231571,12789,440987,4517382,25437,184340,3509076,2873001,446265,791017,674856,329845,155056,264840,265285,136264,5191691,4463590,32893,45133,830617,406964,919712,724252,772498,677583,859995,936368,1331296,820011,4303837,4053485,308059,308059,7794473,7794473,3926525,3552934,3926525,3552934,2996076,2068950,2996076,2068950,20647017,20647017
2026-08-06,183769,59902,3160894,258551,2527303,2429368,2560736,2827857,2099411,877403,1218001,1133701,11278148,8058749,54252,19776,313127,4274832,5895,50694,80,0,550,39653,238119,14078,464171,4546885,27655,172773,3520556,2881392,504478,810226,667523,422599,173120,281324,285430,153883,5317359,4583600,32797,46022,839929,419731,873393,774860,682729,814693,886283,956294,1417814,853012,4363556,4234001,298473,298473,7834506,7834506,3911068,4065149,3911068,4065149,3159364,2154674,3159364,2154674,21423234,21423234
2026-08-07,189917,59531,3169436,254526,3056750,2446522,3091110,3013273,2283863,904999,1303670,1180066,12051487,8902176,54109,19776,323928,4292525,7070,52164,92,0,550,39617,262348,14639,477438,4589380,26129,176187,3518604,2885070,586358,840884,799389,426472,178516,298104,313571,165776,5448595,4766465,32229,46890,841943,421790,1128509,934475,888096,834301,918887,995335,1502227,877574,4851378,4570878,302384,302384,7853911,7853911,4778686,4274046,4778686,4274046,3381816,2238055,3381816,2238055,22828898,22828898
2026-08-10,191745,61393,3185509,260286,3366275,2955174,3386935,3508031,2385962,964762,1356238,1216008,13049428,9788891,54369,19776,328844,4303314,7070,50647,60,0,655,39609,285540,15910,481194,4624600,25556,177719,3515936,2888986,573876,905739,773812,475947,191549,316131,335623,179629,5528787,4831715,33097,45879,850823,428526,1192352,1128006,978766,1055589,946818,1006184,1547583,915139,5157280,4971482,304767,304767,7881112,7881112,5139573,5039566,5139573,5039566,3524984,2326686,3524984,2326686,24216688,24216688
2026-08-11,196678,61004,3205741,258083,2174211,1710323,1985478,2233593,2532044,967168,1403488,1247237,10786165,7188882,51393,19808,334027,4326964,7020,51200,30,0,650,39627,293637,17508,483917,4657947,24269,180400,3509424,2892910,417329,800126,614908,314982,194996,326868,353974,183997,5273012,4541171,33910,45038,865903,437138,671656,651956,669801,665030,950966,1037384,1627557,922305,4211775,4366869,306250,306250,7915095,7915095,3270217,3213604,3270217,3213604,3678656,2371047,3678656,2371047,20754869,20754869
2026-08-12,202589,57690,3243912,266261,2691819,2063199,2544031,2637341,2657528,980198,1445969,1278179,11839245,8229471,50085,20040,333214,4374788,7400,50975,130,0,928,40693,303829,17778,483295,4716565,27560,192729,3520189,2895927,459680,863065,690619,363328,203031,347703,380263,191067,5421227,4713933,35869,45644,899504,459843,910526,760154,834644,736724,972349,1069116,1703775,950686,4647518,4731315,316103,316103,7996819,7996819,4069424,3737392,4069424,3737392,3833836,2437710,3833836,2437710,22391285,22391285
2026-08-13,206578,57192,3262993,265777,3079457,2445670,2885085,2931232,2751726,982945,1501883,1295428,12729368,8936597,50089,20040,329742,4400081,7400,50751,110,0,928,40760,321089,19074,479670,4760394,27487,196189,3528485,2900054,477249,895305,766090,421189,206855,367494,399690,200281,5502875,4883493,36385,47118,911616,466924,1045293,849565,958113,888870,995701,1080050,1732548,956466,4918609,5050039,320539,320539,8032836,8032836,4609398,4241291,4609398,4241291,3955210,2471249,3955210,2471249,23630523,23630523
2026-08-14,211638,55956,3275125,261974,3205535,2649873,3072956,3257565,2832221,977719,1540281,1301705,13152111,9490438,50830,20040,329392,4402412,7380,50603,130,0,928,40785,352194,19703,479918,4794479,25537,202235,3535257,2910988,537355,975053,814000,477877,216502,378403,415544,211113,5668106,5031758,36280,46054,918232,482632,1122941,1024818,986124,964904,1026362,1089505,1767994,953891,5218139,5201599,324285,324285,8058006,8058006,4873211,4700347,4873211,4700347,4076013,2486412,4076013,2486412,24518274,24518274
2026-08-17,215653,55062,3294002,262390,3502967,2930320,3407366,3591086,2867757,972942,1556553,1310311,13783641,10182767,50815,19776,334344,4429649,7390,46308,80,0,5895,41025,355265,20351,485777,4825121,25299,206886,3547694,2919718,606002,1019884,834527,517429,221371,389353,429052,221921,5809602,5129533,34053,44096,935593,499876,1135458,1142752,1009844,1030750,1031141,1098289,1785294,949026,5377287,5318886,325820,325820,8111633,8111633,5251817,5139264,5251817,5139264,4126164,2501609,4126164,2501609,25456307,25456307
2026-08-18,226578,52782,3331486,268369,2650275,1772503,2354637,2469903,2909664,956746,1562150,1322236,11847252,8030077,50874,19801,339009,4432841,7340,47308,70,100,5890,42306,366395,21702,492727,4840909,25502,219660,3554988,2949625,453048,946223,684709,335143,213379,392546,436450,224192,5585685,4849780,35523,46234,963739,538387,754989,712472,826235,673359,1033556,1117662,1797494,941130,4617940,4822839,338477,338477,8189222,8189222,3865651,3478505,3865651,3478505,4162489,2509260,4162489,2509260,22543605,22543605
2026-08-19,237939,52531,3354294,282605,3332338,2098952,3059377,2811771,2864577,935326,1537299,1312548,12823426,9056130,47420,19851,345371,4450101,7340,44204,70,100,5890,42761,369726,22279,492986,4862127,24870,234677,3580969,2963832,551764,1026054,865350,454430,200017,381486,438562,212675,5765160,5169526,38025,41195,999703,583799,1036616,841394,1003261,744304,1048411,1135654,1773308,947725,5099803,5093591,348254,348254,8280337,8280337,4928058,4010604,4928058,4010604,4118895,2495227,4118895,2495227,24181375,24181375
2026-08-20,230698,57393,3321427,261692,2977400,2650666,2866063,3341328,2679022,946638,1504664,1273748,12805851,9304887,47113,19835,351385,4467747,8221,44254,80,0,5915,43197,364346,22458,500085,4874466,24335,236448,3630708,2964410,555019,1069438,788812,590522,180769,365402,417616,199002,5825671,5196810,49571,38041,914851,524522,976354,1142299,862039,974807,1106270,1116752,1685350,976781,5306097,5061540,351717,351717,8218371,8218371,4516994,4906657,4516994,4906657,3971976,2471989,3971976,2471989,24437704,24437704
2026-08-21,228719,57703,3342459,266272,3181286,2927817,3116422,3625353,2565979,936069,1468226,1260621,13182329,9794597,47906,19791,366957,4485936,8221,44254,130,0,5895,43490,366860,21453,516723,4894170,26060,235915,3655491,2973732,605959,1107435,824072,639488,174830,358332,409399,198317,5928107,5280923,50287,39563,881221,520188,1122093,1270133,976935,1084798,1083635,1106947,1585854,964447,5514316,5171785,352972,352972,8246128,8246128,4917559,5349639,4917559,5349639,3830339,2444838,3830339,2444838,25141475,25141475
2026-08-24,236736,55580,3332483,252308,4129857,2812592,3902845,3656581,2389070,892539,1394160,1212994,13793276,10474469,44784,19764,382167,4498002,8246,63572,237,20,9159,44146,376531,17995,552074,4912549,27079,246462,3628809,2944993,835264,1166125,1034944,584167,154071,332791,391648,180492,6144139,5382706,51987,38780,850473,498629,1306384,1173286,1341724,974806,1080922,1084863,1470883,942858,5547914,5267680,360586,360586,8193932,8193932,6279750,5215574,6279750,5215574,3633222,2354339,3633222,2354339,26037403,26037403
2026-08-25,218413,60777,3232366,183211,1673419,1535931,1578726,2139953,1004565,454721,681428,707547,8119415,5351642,37106,19764,262916,4363222,4201,30503,266,40,4317,29020,109861,5745,368063,4498898,23857,208084,3435001,2834383,333003,819216,531433,269780,35861,98552,101918,35126,4745490,3980723,32516,23267,754573,304040,553934,611629,454133,587505,453321,559654,604857,393529,2965627,2367331,311892,311892,7684856,7684856,2564557,2997278,2564557,2997278,1498064,1141947,1498064,1141947,16198594,16198594
2026-08-26,223646,63363,3309656,194625,2512058,1853031,2320987,2516035,1252183,543141,824989,847979,9693715,6767978,37353,19764,272637,4396969,4201,32019,296,40,4417,38426,154883,8984,389053,4580936,25651,211711,3425528,2857765,433630,867038,669515,311287,53795,122437,132919,61342,4928078,4244538,38116,29928,779206,337668,760188,700084,719280,624810,565051,690478,762655,476177,3533123,2950518,324766,324766,7787027,7787027,3710077,3452171,3710077,3452171,1875446,1394482,1875446,1394482,18543969,18543969
2026-08-27,236277,62119,3356195,202027,3347782,2005423,3058629,2766406,1473547,615805,934224,972006,11035029,7995411,39277,19764,280888,4417260,4676,33554,351,40,4567,39726,177545,9732,402688,4624692,24190,221982,3420712,2879342,501788,976716,767644,350356,60769,148065,163908,73211,5132240,4456442,40235,36114,791489,350655,952746,835738,980368,734629,619164,783887,882370,532534,4023259,3516670,339979,339979,7849284,7849284,4806992,3851431,4806992,3851431,2158047,1587483,2158047,1587483,20593215,20593215
2026-08-28,240128,63169,3366585,205567,3303540,2438836,3212343,3163902,1583362,661864,1011551,1002934,11594314,8659466,43377,23164,287023,4451007,4676,34529,326,40,4567,39726,211516,10497,413898,4696550,24157,226790,3433551,2884325,536783,1018674,766803,424314,74429,163476,177472,86926,5251070,4566630,41362,35901,806481,352741,1056433,967418,921960,871201,691079,814550,952898,579259,4377323,3713960,349024,349024,7893640,7893640,4901432,4459456,4901432,4459456,2353437,1679616,2353437,1679616,21636605,21636605
2026-08-31,243172,64953,3399737,207114,3753284,2879869,3557602,3565915,1769390,677903,1060575,1039321,12723354,9495480,43452,23164,295304,4516143,4676,31824,366,40,4567,42206,237549,12695,422029,4789957,24195,233510,3460600,2896720,646758,1075482,872220,524075,80033,191218,219084,98745,5478286,4844354,44539,33731,826373,362037,1122063,1123332,1096592,1020477,710888,851370,1047670,611936,4678565,4172444,355358,355358,7982014,7982014,5526780,5110507,5526780,5110507,2564878,1762697,2564878,1762697,23302235,23302235
2026-09-01,251892,64762,3388948,203620,2404377,1601079,2142394,2358027,1932963,682034,1109002,1078151,10261293,6955956,43641,23164,300978,4496859,5176,31963,341,40,4657,42245,256177,13305,428660,4789886,24718,246750,3449700,2898377,404624,911336,652685,278871,95724,211122,246569,110768,5097224,4434020,44427,30002,818606,359376,743625,707472,762383,614913,727774,903059,1149370,636236,3944964,3552280,364678,364678,7958232,7958232,3557803,3251850,3557803,3251850,2761118,1838460,2761118,1838460,19732141,19732141
2026-09-02,260288,60218,3375603,202107,3059089,2133820,2786022,2845960,2071591,721865,1168439,1105699,11622257,8168445,42113,28846,308826,4543311,5176,30048,916,40,4657,42596,296233,14049,433416,4883395,28537,257700,3466665,2873663,461823,971327,761076,378104,108676,232652,277834,124449,5269681,4672826,46234,30408,825391,357404,853160,784778,831235,695869,772489,930489,1214907,683405,4212542,3813229,377172,377172,7976485,7976485,4379249,3919974,4379249,3919974,2957413,1927602,2957413,1927602,21537895,21537895
2026-09-03,261619,55623,3385672,209099,3751431,2367385,3368894,3169206,2144352,731510,1202304,1127862,12641969,9132988,42163,28876,321637,4559199,5176,32079,1066,40,4678,43718,303251,16759,449451,4909191,33502,268604,3467706,2857809,554883,1051305,867090,401256,114426,248487,289019,130233,5470310,4814011,48193,32374,814423,363331,1079067,964885,1153508,845152,787681,949540,1256563,698401,4643789,4349329,385477,385477,7989438,7989438,5390558,4415654,5390558,4415654,3051137,1973255,3051137,1973255,23205519,23205519
2026-09-04,261701,51859,3395893,210809,3669328,2808996,3443458,3525254,2231728,766116,1255658,1158544,13133762,9645582,42445,31076,325145,4600784,5176,32147,1281,40,4896,44418,313599,17817,454227,4964597,33689,269527,3462494,2832351,561316,1070255,864770,489344,127982,259494,299828,141325,5515231,4897145,46273,31646,829131,368719,1109513,1078081,1035824,974841,814519,969273,1310040,721615,4846790,4442685,384108,384108,8012663,8012663,5345333,4989479,5345333,4989479,3179125,2039301,3179125,2039301,23950009,23950009
2026-09-07,269796,50886,3427173,209033,4830139,2778365,4462619,3667673,2388593,762067,1293980,1180554,14456132,10864745,42493,31440,325074,4621664,4901,31134,1251,40,4896,44418,338965,17972,452916,5011332,34987,285080,3444092,2842499,798438,1104502,1096540,473355,135551,282147,319748,144695,5799717,5161917,50324,30194,846402,369545,1448678,1150500,1521746,923433,814909,986184,1391256,731595,5296997,4967769,397600,397600,8042741,8042741,7082155,5064501,7082155,5064501,3343949,2074816,3343949,2074816,26005762,26005762
2026-09-08,276494,50856,3429721,216735,2723552,1729532,2379913,2473152,2456512,785256,1341097,1188470,11401067,7650224,43447,32175,326160,4626984,5201,30873,1768,40,4881,44484,355950,19557,455046,5036474,37183,298740,3442999,2851127,462231,971982,764313,321337,142727,299254,336795,151177,5356376,4723489,54219,29572,862396,366430,839189,669242,884179,607100,841478,999963,1411756,769753,4266487,4068790,411343,411343,8061276,8061276,4030173,3401629,4030173,3401629,3445598,2128957,3445598,2128957,21478977,21478977
2026-09-09,283444,52964,3457157,217175,3465517,2015007,3138861,2846685,2559766,804871,1375121,1210079,12585762,8840885,43738,29127,342847,4648076,5201,49673,3767,0,4881,44507,363859,20386,490847,5065215,39027,315277,3454240,2889772,563759,1070563,906402,410311,162816,331321,370107,164990,5621726,5056858,63306,32147,881001,380222,1088947,796832,1074395,675079,870274,1026080,1488650,811324,4726440,4461817,429515,429515,8135245,8135245,5123424,3932075,5123424,3932075,3597737,2206779,3597737,2206779,23424775,23424775
2026-09-10,286829,55858,3460539,214728,3945571,2355516,3565411,3170018,2667819,810266,1399887,1218663,13526540,9624565,43284,28392,354539,4636004,5401,50538,3901,0,4876,44620,376637,20925,503258,5065859,39694,321538,3455879,2913959,628810,1124731,947681,461967,169324,348996,388483,168014,5767435,5201642,66741,30760,878487,384753,1124666,917176,1187456,815976,882860,1042456,1559872,838736,4912387,4817553,436548,436548,8149444,8149444,5704449,4447961,5704449,4447961,3724879,2246338,3724879,2246338,24709619,24709619
2026-09-11,286353,54865,3478897,213571,3847943,3126037,3618281,3879158,2716400,819413,1427016,1225584,14275043,10418475,43743,29395,352254,4643802,5401,56824,3350,0,4876,44620,384382,22696,507718,5083625,41252,326134,3454581,2934979,675792,1331606,962890,661895,182248,371833,415155,174485,6057312,5475538,66613,27567,897564,390944,1175140,1180310,1119754,1153725,934985,1075568,1611956,888669,5330180,5192615,437961,437961,8183296,8183296,5704276,5694777,5704276,5694777,3838509,2311434,3838509,2311434,26170253,26170253
2026-09-15,292649,53186,3464797,223232,2831955,1649909,2397187,2437390,2858531,781460,1425747,1228941,11879301,7765683,43240,29518,353928,4603044,5101,53470,1710,0,4960,44522,393849,23364,505221,5051485,46258,337310,3431913,2931900,528339,1058367,841380,379847,198364,387836,442398,190619,5651077,5123453,68738,30871,901170,393632,833958,725089,959076,669598,946772,1114307,1746633,885201,4590034,4685011,450885,450885,8151808,8151808,4199352,3486835,4199352,3486835,4008627,2328125,4008627,2328125,22625632,22625632
2026-09-16,289936,56634,3445234,228230,3011455,2259579,2713125,2870213,2876957,831918,1453842,1227293,12715079,8549336,40557,28011,360574,4613178,5539,50325,1963,0,4956,45256,401796,24249,507207,5069197,47446,335549,3454477,2918400,598953,1136529,887159,556367,208469,401867,463506,202412,5847742,5363394,72202,29947,899938,400415,924260,858812,937961,878666,975180,1111455,1746418,936542,4841847,4929948,450141,450141,8160223,8160223,4540207,4305245,4540207,4305245,4065562,2390496,4065562,2390496,23911875,23911875
2026-09-17,295116,56168,3456527,228245,3393646,2677261,3103248,3389439,2866826,855196,1497481,1247837,13544572,9522418,40622,27764,364586,4617954,6939,54885,2690,50,4956,45751,404418,24320,517739,5077196,47548,337589,3469011,2929446,645825,1186632,928717,573922,216412,408857,479520,213983,5974285,5463176,68177,29942,896062,410541,1062451,1021913,1074206,977280,1013377,1118622,1720152,942286,5180602,5154407,451463,451463,8186186,8186186,5108861,4940690,5108861,4940690,4101571,2428426,4101571,2428426,25217197,25217197
2026-09-18,297981,56561,3469998,230281,3604780,3094248,3371765,3890845,2885665,878682,1528415,1278326,14231354,10356193,40741,27774,365915,4599506,8009,57485,2390,200,5026,45742,403221,24956,522918,5058047,48406,336834,3448501,2947706,690977,1299085,959379,668632,231500,431865,501288,222460,6150334,5636299,64601,30560,906936,413857,1111636,1192066,1081869,1083208,1033584,1128123,1722851,958670,5436946,5291014,451729,451729,8191350,8191350,5415402,5642884,5415402,5642884,4155775,2484412,4155775,2484412,26341553,26341553
2026-09-21,297064,55345,3479598,248080,3801153,3759123,3618526,4586864,2905043,931836,1547786,1292356,15173817,11348957,40954,27774,372103,4583596,8707,69560,2590,0,4196,45676,417945,25357,541196,5057262,47731,338277,3458177,2953459,724548,1393670,980904,755240,247834,439013,514178,234738,6310973,5776796,64099,28452,916159,440902,1157470,1416784,1089858,1297033,1060451,1136396,1737615,1000470,5751359,5594330,449848,449848,8226037,8226037,5691878,6639137,5691878,6639137,4217524,2552921,4217524,2552921,27777345,27777345
2026-09-22,300851,55140,3499040,256318,2691260,1888142,2385339,2615197,2898101,907093,1529142,1304441,12184486,8145577,40955,27774,374952,4580844,12609,63189,1975,0,4796,45523,415963,26284,542024,5052840,40257,343165,3476168,2969294,561866,1066896,818240,424670,256465,447049,519238,238869,5848701,5313476,70336,26320,933538,477242,723801,709217,783981,687577,1089227,1181000,1784246,1011071,4707118,4770437,452399,452399,8283698,8283698,3989535,3727444,3989535,3727444,4248589,2580665,4248589,2580665,23282330,23282330
2026-09-23,294244,53999,3516943,270019,3012081,2535022,2823271,3225982,2839628,941135,1516583,1301068,13139053,9190923,39976,27774,374226,4578480,12644,81486,1722,0,4804,45935,415637,26955,559071,5050568,40611,339224,3496486,2987215,705480,1132740,894277,580376,255190,446659,514000,243219,6077167,5558311,72732,26566,958712,510653,899939,938739,910874,881630,1124594,1191982,1777996,1054469,5186699,5162188,447563,447563,8346367,8346367,4630145,4687988,4630145,4687988,4224216,2625711,4224216,2625711,24961990,24961990
2026-09-24,310605,64494,3532780,254431,4083988,2429177,3693244,3396677,2877885,864225,1473248,1291698,14098660,10173792,39984,32538,372550,4581367,12134,82890,1995,0,4371,47648,416081,28663,559577,5060644,43743,353565,3470181,2988101,884812,1309440,1145805,623287,241984,464495,537671,226564,6414655,5874992,87061,30796,949923,501535,1178631,1102706,1318522,904249,1154857,1258898,1852097,1088341,5732076,5695540,481393,481393,8325434,8325434,6159565,4924212,6159565,4924212,4279097,2635266,4279097,2635266,26804968,26804968
2026-09-25,310325,65926,3545318,250634,3903133,2935201,3729638,3877611,2807925,910560,1480140,1277476,14412461,10681425,40198,33627,381501,4612254,12484,78667,2086,0,4156,45854,418241,28954,562860,5095162,46305,358306,3498393,3003382,857125,1401782,1098094,717999,222884,460751,525778,226923,6487239,5930483,91203,30172,953111,512053,1296952,1290105,1239875,1110144,1188674,1250947,1799480,1134759,6070992,5826483,488031,488031,8378323,8378323,6069693,5705755,6069693,5705755,4223639,2668112,4223639,2668112,27533553,27533553
2026-09-28,321005,63487,3513168,232220,5176586,2892089,4740941,3804977,2685611,868014,1408993,1218063,15456473,11468682,39355,32367,391491,4622303,12734,53067,1888,600,4435,46145,415905,30872,547227,5103935,51567,371236,3537823,3026171,1143622,1439762,1390097,765968,205693,441687,498992,196250,6820153,6248714,86620,31457,934470,496258,1560211,1266007,1760226,1079380,1157149,1230653,1728998,1141314,6235110,6237633,498547,498547,8376952,8376952,7893153,5650925,7893153,5650925,4052888,2586499,4052888,2586499,29058964,29058964
2026-09-29,284203,60390,3423172,147751,2375045,1599956,2058389,2345924,1135904,498877,631718,759801,9317156,6003974,50075,14567,240688,4541243,4948,49694,376,300,80,35044,125513,10781,380529,4692780,27879,295186,3349718,2853310,341438,930823,762901,279566,67398,164015,147234,40844,4881272,4379041,31565,23579,817834,289108,831703,600229,731468,554911,499999,656734,798916,543244,3438065,2941226,393722,393722,7831412,7831412,3553134,3180702,3553134,3180702,1703381,1354670,1703381,1354670,18017022,18017022
2026-09-30,301040,58614,3453975,154613,3334467,1980918,2900690,2823611,1368687,543310,770156,834210,10982397,7541894,49642,17592,245443,4554998,8483,46958,2932,300,2112,43447,177732,20228,396085,4773782,29394,312264,3360170,2870621,466513,1032048,932096,363923,92210,198506,179833,71258,5178842,4729996,35278,26884,826666,306022,1052809,789280,1026555,661370,594084,752690,929372,612257,4050807,3562460,415354,415354,7886254,7886254,4862273,3849205,4862273,3849205,2057093,1537953,2057093,1537953,20608131,20608131
2026-10-01,306566,56754,3422680,155072,3743798,2363022,3448314,3206170,1566739,571650,883971,875714,11974455,8625995,48119,14862,264333,4574585,8533,40402,3557,876,9411,43501,204308,22745,414299,4820933,29605,339779,3393649,2858568,670483,1114773,1101948,448195,112470,227850,206962,90579,5548830,5046031,51101,23996,817937,310374,1337674,958371,1206669,821327,669169,831768,1062548,685731,4666020,4110645,435391,435391,7898599,7898599,5760488,4476568,5760488,4476568,2357789,1674769,2357789,1674769,22603604,22603604
2026-10-05,301687,59654,3417416,159942,4031462,3280301,3912200,3915398,1693427,653384,974535,929944,13377677,9951672,47700,14872,263020,4575955,27343,54191,3457,876,7890,43483,236457,24100,443627,4855717,29117,331508,3420425,2853437,616526,1175238,982257,586923,129499,245160,237610,105061,5615965,5096796,54509,26979,813358,324885,1397750,1117777,1175166,1124310,719809,858429,1102023,741351,4961632,4494714,433013,433013,7914219,7914219,6073080,5627507,6073080,5627507,2550625,1800456,2550625,1800456,24398900,24398900
2026-10-06,297348,60248,3411664,171438,2247106,1916279,2040599,2574036,1716705,713134,1030360,961612,10302236,6838292,47973,14072,268284,4582506,30177,54041,2406,500,8590,43545,263900,28883,452610,4892267,30285,324010,3442046,2831549,393444,926672,740928,358906,152347,258253,259736,126993,5203047,4642123,52602,29878,799071,335572,847385,713185,734178,676735,789371,879497,1113017,776941,4081111,3666321,428208,428208,7921065,7921065,3518112,3610177,3518112,3610177,2667013,1894429,2667013,1894429,20039003,20039003
2026-10-07,303069,57669,3452888,176904,3009102,2238829,2766476,2953709,1934399,735945,1089979,1038264,11674232,8083001,47974,14055,277063,4580005,63899,55191,2456,500,10127,43545,307685,30674,497799,4935375,33426,331711,3465691,2884989,506730,990415,906809,415750,162742,277337,297307,143309,5436341,4979876,53637,34671,804257,358001,1099880,868508,1003869,782984,806851,942329,1219148,786909,4575462,4185583,438106,438106,7999899,7999899,4679610,4152944,4679610,4152944,2914119,1999156,2914119,1999156,22183835,22183835
2026-10-08,307664,60271,3430012,176882,4193869,2453187,3783838,3279806,2160215,729782,1145270,1068609,13274729,9514675,47792,11542,284136,4606853,87660,57284,2761,900,10859,43545,336038,32779,531276,4990873,31583,338692,3504994,2895148,737159,1122843,1141437,456760,169574,305913,330052,155092,5872066,5317181,53159,29693,826033,366292,1365145,1083333,1455797,979181,828297,994878,1357585,817638,5150845,5006187,440198,440198,8045175,8045175,6383833,4716647,6383833,4716647,3168945,2074118,3168945,2074118,24828916,24828916
2026-10-09,291627,62104,3402919,185348,3396080,3418874,3337345,4049875,2104606,822867,1206045,1081989,13436973,9922706,48096,16166,289466,4646105,90783,62924,3788,1452,12110,43691,349667,34218,547070,5051396,34943,328931,3542863,2867395,600034,1245164,946852,704672,197429,316370,347630,186717,5936804,5382197,64003,31468,833668,370068,1317359,1294501,1116272,1265464,916553,1011209,1327356,891213,5437293,5001841,438669,438669,8068916,8068916,5404257,6021463,5404257,6021463,3230698,2194137,3230698,2194137,25358140,25358140
