date,open,high,low,close,volume,value
2020-10-01,700.5182,700.7578,560.4146,560.4146,16465763.0,9977062698.9
2020-10-05,528.1198,543.0693,495.0584,502.1499,6371926.0,3288113037.3
2020-10-06,503.1082,527.0657,500.8562,503.0603,2533101.0,1298231371.8
2020-10-07,505.5039,512.212,482.2172,495.4897,2188348.0,1083892103.4
2020-10-08,501.0478,504.7852,482.0255,485.9067,1324133.0,651883704.6
2020-10-09,484.9005,487.5358,461.6616,465.974,1664932.0,787811047.3
2020-10-12,462.6199,462.6199,413.9862,417.2444,2090928.0,912957732.9
2020-10-13,410.153,449.4433,398.1742,436.2187,3171906.0,1380055271.75
2020-10-14,437.9916,439.5728,418.7777,422.4671,792786.0,337092137.05
2020-10-15,425.3899,426.4441,399.6596,401.4324,596908.0,245521409.45
2020-10-16,402.7261,411.6862,381.4518,387.9204,1059224.0,413922476.75
2020-10-19,393.6223,407.278,390.9869,393.9577,548432.0,217469712.45
2020-10-20,396.6409,399.5158,387.2016,390.6515,489731.0,191830451.55
2020-10-21,393.8618,424.3837,390.5078,413.6508,1991126.0,821669668.55
2020-10-22,413.8903,421.6526,409.2905,416.7173,631597.0,262568435.85
2020-10-23,419.2089,420.1672,409.1946,412.2612,341694.0,141088280.65
2020-10-26,413.9862,414.4653,397.695,400.4262,315462.0,127152199.55
2020-10-27,398.9408,401.3366,390.0765,394.7243,278833.0,110183121.85
2020-10-28,393.8618,409.003,393.8618,401.2887,389554.0,156911370.6
2020-10-29,394.916,397.695,381.4039,382.506,686547.0,265744212.2
2020-10-30,383.3205,409.8175,383.3205,394.4368,949052.0,377983820.8
2020-11-02,400.6658,413.0279,395.9222,408.0447,658400.0,266754404.25
2020-11-03,411.5904,419.2568,403.4448,406.3197,440063.0,181423663.75
2020-11-04,405.2656,417.8194,399.1325,412.7404,406377.0,165665257.4
2020-11-05,416.8131,421.5567,412.0696,416.0465,316435.0,131711080.5
2020-11-06,416.9569,436.9854,416.0465,425.8691,776289.0,332915266.6
2020-11-09,415.7111,415.9028,399.1325,403.6844,644533.0,261855730.1
2020-11-10,404.4031,408.1884,396.7367,397.5992,461917.0,184544133.0
2020-11-11,399.5158,402.3428,394.9639,396.4972,194049.0,77263189.9
2020-11-12,396.7367,403.8761,396.4972,398.4138,194314.0,77790343.1
2020-11-13,399.5637,408.1405,398.5096,401.097,296614.0,119758573.8
2020-11-14,405.074,406.9906,401.5282,404.2594,59071.0,23880930.2
2020-11-17,406.7031,406.7031,397.695,397.9346,258351.0,103293951.3
2020-11-18,398.4138,401.4803,395.2993,398.6533,274940.0,109375964.75
2020-11-19,397.6471,406.7031,395.7784,397.1201,309527.0,124335282.25
2020-11-20,400.2824,403.4928,395.8743,401.1928,318041.0,126809057.6
2020-11-23,401.1928,404.0677,398.6533,399.1804,184853.0,74047036.2
2020-11-24,401.8636,415.9028,397.4555,406.0323,478226.0,195041334.8
2020-11-25,406.751,410.4404,397.695,399.3721,234468.0,94494068.65
2020-11-26,400.5699,405.074,398.0784,400.8574,124998.0,50136410.85
2020-11-27,403.4448,405.3614,399.42,400.8574,163467.0,65789490.8
2020-12-01,404.1636,404.1636,399.8033,400.9053,135086.0,54264742.95
2020-12-02,401.4803,408.1405,398.7971,402.7261,262896.0,106016167.9
2020-12-03,404.3552,410.153,402.5345,405.2656,241136.0,97986992.55
2020-12-04,408.1405,441.6331,406.3677,426.8753,1544679.0,659861080.9
2020-12-07,429.2231,446.5684,426.492,434.4459,720704.0,315422834.75
2020-12-08,437.5125,440.6748,422.8984,427.4024,319082.0,137413345.5
2020-12-09,430.5648,431.0918,419.8797,421.9401,177900.0,75639592.05
2020-12-10,419.736,426.5399,413.0758,418.011,147298.0,61523184.4
2020-12-11,418.3943,426.3482,411.0633,413.1716,211774.0,88444120.1
2020-12-14,414.5611,415.9507,406.3197,407.9968,205241.0,84191350.2
2020-12-15,408.1884,417.7235,406.4635,411.255,190575.0,78725830.3
2020-12-16,414.8965,423.2338,411.1592,413.7466,247589.0,102971630.65
2020-12-17,414.9445,420.6943,410.3925,411.7821,235887.0,97930713.65
2020-12-18,416.8611,416.8611,406.7989,408.6676,232968.0,95661657.5
2020-12-21,410.4404,410.4404,386.1954,390.8432,457043.0,182518663.95
2020-12-22,393.8618,399.42,383.3684,391.2744,391537.0,152815218.4
2020-12-23,395.7305,399.3721,390.1245,392.0411,500239.0,197050399.05
2020-12-24,394.8201,399.995,392.9994,393.9097,280919.0,111060878.4
2020-12-28,397.5992,401.5282,394.9639,397.2638,357037.0,141722217.35
2020-12-29,399.4679,409.6738,396.7846,399.5158,397625.0,159906863.4
2020-12-30,401.4803,424.2879,396.1138,417.7235,2507108.0,1036545491.7
2020-12-31,435.9313,490.5544,429.5106,478.3361,7739412.0,3552800799.1
2021-01-01,476.2757,513.5537,468.3218,479.4381,9309728.0,4604032985.7
2021-01-04,483.8942,485.8588,464.872,468.801,1412111.0,670439496.9
2021-01-05,459.9846,472.3467,459.9846,461.6137,590149.0,274630542.25
2021-01-06,462.8595,468.5135,447.2871,451.7432,543995.0,249504778.65
2021-01-07,454.6181,461.4221,452.3182,453.2765,342069.0,156015612.7
2021-01-08,454.139,467.651,452.462,454.6181,391963.0,180350650.7
2021-01-11,456.8701,459.9846,445.8018,447.9579,354110.0,159898207.5
2021-01-12,447.5267,452.0307,441.5373,444.1726,349463.0,155844916.85
2021-01-13,445.6101,454.6181,431.3793,434.4459,472678.0,209666309.55
2021-01-14,435.0209,442.7352,431.6189,437.225,264287.0,115468621.45
2021-01-15,439.8603,440.3874,427.4024,429.0794,203719.0,88303930.15
2021-01-18,431.1397,437.752,416.909,422.1317,229940.0,98510868.6
2021-01-19,429.319,443.5498,424.1441,437.2729,500760.0,218159896.45
2021-01-20,437.9437,447.383,434.5896,436.5062,274352.0,121051256.45
2021-01-21,438.7103,439.6686,422.9463,424.7191,223968.0,96647345.35
2021-01-22,426.0128,431.0439,418.9693,420.4068,189445.0,80378723.9
2021-01-25,422.515,425.8691,407.326,408.8592,171450.0,70937289.95
2021-01-27,408.8592,420.6943,402.4865,409.7696,281241.0,116118857.7
2021-01-28,408.7155,418.5381,405.9364,408.3801,156928.0,64586468.05
2021-01-29,413.507,415.9028,403.5407,405.3614,130850.0,53561858.95
2021-02-01,407.278,414.4653,403.3011,410.9675,149090.0,61012547.7
2021-02-02,415.5674,420.9818,412.5966,413.7945,113879.0,47315061.7
2021-02-03,416.5257,431.2356,410.153,419.4964,359030.0,151900642.6
2021-02-04,422.4192,434.973,419.8797,427.0191,296182.0,127130150.25
2021-02-05,430.7085,431.571,419.7839,421.0297,114857.0,48806191.4
2021-02-08,422.6109,426.4441,419.9276,421.1255,102161.0,43143307.55
2021-02-09,421.0297,426.3482,416.8611,417.7235,110778.0,46563192.1
2021-02-10,416.8611,420.8859,413.4112,415.2319,81096.0,33746783.15
2021-02-11,412.2612,425.917,412.2612,422.9463,194043.0,81937549.15
2021-02-12,425.6774,439.8603,424.0483,431.4272,425889.0,184531827.95
2021-02-15,438.902,440.8186,408.2843,419.6401,322805.0,138788091.3
2021-02-16,422.4671,425.4858,414.9924,417.5798,178633.0,74875630.95
2021-02-17,416.8611,429.7981,414.9445,427.4024,302938.0,128179599.25
2021-02-18,432.8647,435.9313,421.4609,422.2755,281711.0,120503366.4
2021-02-19,422.3234,450.2099,421.7005,430.0377,1314844.0,577681920.35
2021-02-22,431.3314,437.9437,417.8194,421.7005,330303.0,141004018.45
2021-02-23,428.3607,428.3607,413.0758,415.759,261404.0,109537090.85
2021-02-24,418.3464,434.4459,417.1965,425.8691,372114.0,159163395.8
2021-02-25,429.6065,433.1043,421.7484,423.3296,194296.0,83033268.3
2021-02-26,419.688,421.9401,410.6321,414.4174,204592.0,85493695.7
2021-03-01,420.1672,423.9525,414.082,417.9152,204371.0,85435908.25
2021-03-02,420.2151,423.5692,414.9445,416.0465,191465.0,80032175.1
2021-03-03,417.9152,428.0253,417.9152,419.0172,298369.0,125829362.15
2021-03-04,415.2319,423.5692,413.9862,418.011,127153.0,53350011.3
2021-03-05,417.7714,428.3607,415.9028,421.1255,348011.0,147068590.2
2021-03-08,424.1921,426.4441,416.8611,418.3943,135937.0,57371409.65
2021-03-09,418.3943,433.6313,418.3943,420.9818,419198.0,178415708.25
2021-03-10,423.5213,426.3482,417.1486,418.7777,135325.0,57034522.9
2021-03-12,422.1317,425.9649,411.1113,413.8903,201077.0,84085973.6
2021-03-15,414.0341,417.7714,407.4218,412.7883,193239.0,79499996.7
2021-03-16,415.4236,436.9854,411.0633,428.2648,841276.0,360372989.4
2021-03-17,429.319,431.5231,413.9862,415.3278,177783.0,75065736.4
2021-03-18,418.586,421.6047,403.7802,405.7927,209926.0,86405135.1
2021-03-19,405.3614,406.0802,391.7536,402.6303,215884.0,86298866.9
2021-03-22,404.4031,409.0988,401.4324,403.5886,144536.0,58572684.6
2021-03-23,405.3614,408.2843,402.6303,403.924,88691.0,35925133.9
2021-03-24,404.3552,406.3197,396.2576,397.8867,110680.0,44377930.0
2021-03-25,399.7554,399.8991,384.3267,387.1058,204502.0,79992720.55
2021-03-26,392.5202,396.7367,385.0455,387.1058,159846.0,62481492.4
2021-03-30,392.4244,396.3055,387.2495,388.1599,110483.0,43156003.4
2021-03-31,388.3995,402.199,388.3516,390.5557,256506.0,101275682.6
2021-04-01,393.2868,398.2221,391.7057,396.3534,94380.0,37367455.75
2021-04-05,397.695,397.695,388.8787,391.0348,106101.0,41683047.4
2021-04-06,392.7119,398.6533,390.7953,394.1493,130407.0,51452893.9
2021-04-07,398.0784,431.2356,395.9701,414.4653,920404.0,383801811.2
2021-04-08,417.7235,424.0483,413.0279,415.1361,258203.0,107841414.8
2021-04-09,412.0696,417.8194,411.2071,416.2861,124577.0,51682944.65
2021-04-12,411.1113,411.1113,391.9452,393.5264,210250.0,83937990.7
2021-04-13,395.7784,401.5282,390.9869,396.8805,117674.0,46687089.8
2021-04-15,396.8805,398.4138,392.089,393.4785,95510.0,37665994.85
2021-04-16,395.5868,401.5282,392.9514,393.8139,94631.0,37533530.3
2021-04-19,388.687,392.9035,386.1954,389.9807,114553.0,44630241.7
2021-04-20,394.8201,398.3658,390.0286,393.8139,100374.0,39642941.7
2021-04-22,390.0286,410.153,389.0703,402.5345,227592.0,91949906.7
2021-04-23,399.6116,408.0447,397.3117,399.3241,93710.0,37753266.05
2021-04-26,402.4865,404.499,390.0286,393.8618,97804.0,38904941.15
2021-04-27,394.868,402.3907,392.1848,395.7784,131786.0,52414546.65
2021-04-28,399.6116,431.2356,397.7429,413.1716,1000558.0,420134761.05
2021-04-29,416.9569,426.3482,413.9862,417.8194,287705.0,120680482.7
2021-04-30,407.278,417.3402,407.278,408.6676,126363.0,52009238.05
2021-05-03,406.3197,416.8611,402.5824,404.4031,170403.0,69777887.65
2021-05-04,407.5176,426.4441,407.4697,413.2674,317371.0,132484690.8
2021-05-05,416.334,417.7714,407.3739,411.4467,114737.0,47246519.8
2021-05-06,412.1654,437.5604,412.1654,429.5586,794001.0,340364437.75
2021-05-07,433.7751,446.3767,426.6357,429.1752,695515.0,304095812.35
2021-05-10,432.2897,439.5728,429.2711,430.6127,221383.0,95967186.0
2021-05-11,429.2711,448.485,427.4503,444.0289,711347.0,314583967.75
2021-05-12,446.8559,450.5933,431.2356,433.4397,306053.0,135058740.85
2021-05-14,436.0271,436.65,420.5026,423.2338,211681.0,90448773.5
2021-05-17,423.2338,429.1273,418.8735,420.4547,102800.0,43518745.9
2021-05-18,424.0004,426.9232,417.8194,418.5381,142050.0,59875898.55
2021-05-19,416.6694,426.4441,415.6153,419.3526,109829.0,46272299.3
2021-05-20,418.7777,424.3837,417.8194,418.2506,97076.0,40765766.45
2021-05-21,420.6943,427.2107,418.8735,419.8318,168337.0,71147751.7
2021-05-24,425.4858,425.8212,418.011,419.5922,185205.0,78103020.75
2021-05-25,423.4254,424.5754,415.9028,416.7652,166159.0,69694277.35
2021-05-26,413.9862,422.6109,413.9862,415.4715,166388.0,69541475.25
2021-05-27,418.7777,425.7733,416.8611,420.5026,210206.0,88635132.75
2021-05-28,423.7608,431.0439,422.6109,423.7608,321943.0,137389098.4
2021-05-31,427.1149,444.6518,425.8212,429.5106,1720490.0,746489806.9
2021-06-01,429.319,473.4008,426.7795,468.9926,3953959.0,1802107343.6
2021-06-02,474.3591,491.4169,464.824,474.5508,2971001.0,1425936520.75
2021-06-03,476.7549,482.7922,457.2055,459.9846,864290.0,405238308.75
2021-06-04,460.6554,469.4718,455.1931,456.9181,650397.0,299521414.95
2021-06-07,460.7513,484.2776,458.4993,481.3068,1307479.0,620867207.0
2021-06-08,484.3255,499.275,478.959,487.2483,1574040.0,774270295.85
2021-06-09,488.7337,495.6813,463.8178,470.1905,695595.0,334697299.35
2021-06-10,471.7238,478.959,469.6635,471.7238,229452.0,108638808.8
2021-06-11,472.4904,475.7008,464.3449,465.6865,199171.0,93466493.35
2021-06-14,467.6031,474.3591,447.1434,472.1071,435422.0,202526898.65
2021-06-15,472.4425,478.0007,464.872,467.6989,149631.0,70605149.8
2021-06-16,467.651,473.9279,456.1514,457.8284,204615.0,94788216.15
2021-06-17,459.5055,465.7344,452.462,455.816,164389.0,75445932.5
2021-06-18,459.0263,460.1284,434.6855,441.2498,258160.0,114564535.0
2021-06-21,438.3749,452.0307,435.3563,447.6704,169896.0,75569472.75
2021-06-22,453.2286,455.2889,450.4016,451.3599,85159.0,38567956.5
2021-06-23,453.6598,454.1869,442.831,444.556,77978.0,34936292.7
2021-06-24,447.335,452.2224,436.9854,438.8541,175174.0,77776676.4
2021-06-25,441.2019,444.8435,436.9854,438.9978,109205.0,48180716.1
2021-06-28,441.2498,443.3581,433.248,435.5479,89291.0,39141727.6
2021-06-29,437.6562,440.8665,434.1584,434.925,82943.0,36276776.1
2021-06-30,436.8896,479.0548,436.3625,461.5658,1381492.0,643200008.75
2021-07-01,464.4886,489.692,458.9784,476.6111,1609482.0,767968641.45
2021-07-02,480.4923,500.2333,480.1569,486.4337,1365785.0,671271427.7
2021-07-05,490.3628,512.6433,488.7337,499.0354,1301525.0,654839702.8
2021-07-06,499.275,509.5767,479.2465,483.4151,560564.0,277506346.55
2021-07-07,485.8588,490.6503,472.4425,478.5277,335977.0,160988908.1
2021-07-08,482.0255,486.7212,465.2553,469.7114,295631.0,140662598.75
2021-07-09,469.5676,482.888,464.7761,474.7904,230279.0,109421724.65
2021-07-12,478.5757,495.7772,478.1923,480.7318,360043.0,175116510.9
2021-07-13,485.5233,488.7337,477.4257,480.4923,148879.0,71848405.2
2021-07-14,482.4089,492.471,476.2757,479.2465,220393.0,106570490.5
2021-07-15,482.0255,485.0921,472.6342,474.2633,142138.0,67937669.5
2021-07-16,474.3591,485.1879,469.6635,472.0113,322541.0,153950810.75
2021-07-19,469.5676,479.1506,466.7406,468.0823,268284.0,126660347.85
2021-07-20,468.3698,473.305,456.2952,459.8888,197278.0,91387540.9
2021-07-22,463.8178,468.226,460.9429,462.045,138011.0,63989475.8
2021-07-23,464.7761,485.5713,462.4283,479.4381,565053.0,269435941.65
2021-07-26,482.9838,494.1001,479.2465,489.5003,627539.0,307050834.85
2021-07-27,492.9981,495.4418,475.3174,481.6901,324269.0,157674781.25
2021-07-28,479.6298,481.786,466.0698,471.9634,183904.0,86832653.4
2021-07-29,472.9217,491.6086,472.9217,481.1631,269235.0,129965134.05
2021-07-30,482.888,488.0149,477.3299,479.8215,172438.0,83309779.9
2021-08-02,483.5588,502.7249,480.2048,500.6166,601408.0,297143277.9
2021-08-03,504.0665,545.6568,504.0665,524.3345,3706145.0,1974821914.55
2021-08-04,523.2325,530.6114,501.4791,506.2227,829330.0,428432967.7
2021-08-05,505.9352,506.8935,490.6503,497.1188,444444.0,221674013.8
2021-08-06,498.5083,512.4037,498.5083,505.7435,390766.0,197963467.0
2021-08-09,508.4267,516.5244,467.8906,470.6218,1500848.0,736117863.95
2021-08-10,472.4425,481.5943,436.0271,448.4371,681693.0,313449682.15
2021-08-11,452.3182,456.966,430.1335,443.4539,530829.0,233419134.1
2021-08-12,442.7352,467.076,441.9686,452.9411,586321.0,266184113.3
2021-08-13,457.1097,461.1346,449.8745,455.4327,260842.0,119027941.05
2021-08-16,447.1434,462.8595,447.1434,453.3244,282148.0,128161448.9
2021-08-17,453.3244,454.5223,444.9393,448.1017,160200.0,71997216.95
2021-08-18,448.1496,452.5099,436.9854,439.6686,160456.0,71278308.15
2021-08-20,433.1522,441.1061,428.1211,430.5169,201449.0,87502200.5
2021-08-23,434.0147,435.6917,410.153,413.3633,214307.0,89680301.6
2021-08-24,413.9862,425.7733,407.278,422.1317,172713.0,72183680.55
2021-08-25,425.3899,427.9294,420.0235,422.1796,85330.0,36195824.3
2021-08-26,425.342,428.4565,420.3109,422.6588,67273.0,28530406.75
2021-08-27,424.5275,436.65,422.0359,432.4814,165763.0,71490192.15
2021-08-30,433.248,447.2871,432.5293,437.225,149845.0,65760283.1
2021-08-31,440.5311,452.7974,432.2418,434.8292,229398.0,101221732.3
2021-09-01,436.0271,440.8186,430.996,432.4814,106871.0,46481402.25
2021-09-02,433.0564,443.5977,432.2897,436.6979,123774.0,54137025.5
2021-09-03,436.6979,445.5622,436.6021,438.1833,115743.0,50902829.25
2021-09-06,440.8186,445.6101,436.075,437.8479,133419.0,58901394.3
2021-09-07,441.3936,441.3936,434.1105,435.4521,70583.0,30799046.4
2021-09-08,439.2374,439.2374,429.319,431.4752,102429.0,44387104.2
2021-09-09,431.5231,444.8914,430.4689,437.9437,231105.0,101510589.95
2021-09-13,429.319,429.319,411.6862,422.0838,472114.0,199004877.8
2021-09-14,422.7067,448.9162,422.7067,446.2809,678311.0,298435359.4
2021-09-15,450.4016,456.1514,439.3332,441.4894,322524.0,144235190.3
2021-09-16,444.6039,445.9934,436.9854,438.0874,144867.0,63763033.85
2021-09-17,440.2436,440.2436,425.5816,430.1335,190228.0,82137598.3
2021-09-20,426.9232,433.6792,421.7484,423.6171,141028.0,60214627.95
2021-09-21,425.4858,426.3482,417.8673,420.5026,120898.0,51001987.8
2021-09-22,422.6109,428.3128,418.586,419.1131,189104.0,79791789.15
2021-09-23,422.4671,428.3607,420.6943,421.2213,129383.0,54753645.45
2021-09-24,424.4796,426.0608,417.8673,419.2089,109669.0,46212816.7
2021-09-27,422.515,422.515,416.909,420.0714,122149.0,51301773.8
2021-09-28,420.0714,429.6544,420.0235,421.5567,161579.0,68421704.7
2021-09-29,421.2692,423.8087,413.7466,417.6277,130271.0,54693100.05
2021-09-30,420.9338,423.5692,417.484,418.6818,98177.0,41312769.4
2021-10-01,415.9028,420.8859,414.1778,415.8548,106671.0,44570620.6
2021-10-04,419.161,435.9313,418.0589,428.4565,393953.0,168746083.5
2021-10-05,428.744,457.1097,428.4565,442.4956,948351.0,422778229.5
2021-10-06,445.9934,462.2845,431.2356,433.3918,900907.0,403669377.7
2021-10-07,436.9854,440.7228,428.3607,431.2835,264128.0,114668883.4
2021-10-08,434.398,439.5249,428.8398,429.7981,181972.0,78608765.75
2021-10-11,440.8186,440.8186,428.9357,429.6544,219545.0,95141243.25
2021-10-12,430.5169,434.925,423.8087,424.5754,156365.0,66854361.5
2021-10-13,427.6899,427.6899,421.8921,423.9046,171649.0,72876241.4
2021-10-14,424.6233,425.917,417.8194,418.9693,204757.0,86360660.65
2021-10-18,420.263,424.4796,415.9986,417.2923,176215.0,74112431.05
2021-10-19,418.7777,423.09,407.278,410.4884,299260.0,124023623.75
2021-10-20,414.1778,414.5611,397.695,401.4803,263407.0,106906328.8
2021-10-21,402.0553,407.7093,398.4138,402.1032,125379.0,50494765.75
2021-10-22,404.4511,407.6614,397.695,399.7075,101149.0,40705765.65
2021-10-25,407.278,407.5655,395.1076,398.3658,147354.0,58965342.15
2021-10-26,399.5158,405.8406,399.0367,400.3304,127743.0,51340554.9
2021-10-27,402.4865,404.4511,396.7367,397.7909,114857.0,45980991.6
2021-10-28,400.5699,400.9533,392.9035,394.1493,93999.0,37268073.6
2021-10-29,391.9452,396.7367,388.112,389.9807,135898.0,53235771.85
2021-11-01,389.9807,396.593,388.1599,390.4599,150970.0,59109617.8
2021-11-02,392.8556,407.278,392.2806,399.2283,287276.0,115088582.7
2021-11-03,401.1449,406.1281,386.8183,387.4891,330084.0,129943333.65
2021-11-04,391.4182,392.8077,387.585,389.262,52250.0,20377626.85
2021-11-08,389.4536,395.3472,387.2016,390.5557,163530.0,63749637.2
2021-11-09,391.9452,393.2868,386.9621,387.537,187597.0,72861783.55
2021-11-10,388.112,397.3117,385.7163,386.7704,267853.0,104220835.2
2021-11-11,387.3933,391.0348,385.1413,385.7642,90526.0,35013184.6
2021-11-12,388.3995,388.8307,379.9665,381.931,175675.0,67423097.7
2021-11-15,383.3205,384.7101,373.7375,374.3604,508300.0,193448854.65
2021-11-16,374.6958,374.9354,367.0773,369.3772,337583.0,125738052.0
2021-11-17,368.946,372.4438,362.2858,362.5254,323216.0,119211497.0
2021-11-18,362.4775,366.3107,353.1819,354.3319,212355.0,76091441.95
2021-11-22,354.3798,355.3381,338.3283,338.6158,184034.0,63230680.0
2021-11-23,338.6158,343.5031,335.4534,341.9219,183810.0,62488354.1
2021-11-24,344.5093,357.3985,344.5093,354.8111,202770.0,71293392.45
2021-11-25,358.4047,359.363,351.6966,352.607,99261.0,35214757.9
2021-11-26,351.6966,351.7445,340.2449,341.5865,118248.0,40823882.3
2021-11-29,341.1553,342.7365,325.8224,326.8287,168841.0,55970751.45
2021-11-30,333.4409,337.7054,324.1933,328.889,86839.0,28880288.15
2021-12-01,332.0514,334.3034,326.9724,330.2785,61039.0,20150161.95
2021-12-02,329.6556,366.7419,329.6556,355.5298,379004.0,133796355.95
2021-12-03,355.0506,366.8856,355.0506,355.961,230349.0,83067366.1
2021-12-06,354.6194,355.1944,343.0719,345.4676,63603.0,22150097.15
2021-12-07,349.78,354.5715,344.5093,345.5155,53897.0,18741777.8
2021-12-08,348.3904,353.5173,348.3425,349.4925,59581.0,20903904.1
2021-12-09,352.2716,353.3736,347.528,350.307,57212.0,20006928.95
2021-12-10,348.1509,360.9921,348.1509,358.1651,114329.0,40728781.75
2021-12-13,358.4047,366.4544,357.5422,361.9025,115839.0,41900685.1
2021-12-14,356.4881,361.7108,353.4215,355.1465,121754.0,43644709.85
2021-12-15,356.1048,357.4464,348.8217,351.6007,71752.0,25257055.8
2021-12-16,344.8926,352.3195,340.197,341.7302,93166.0,32043869.45
2021-12-17,349.78,349.78,335.5013,336.5554,72325.0,24550076.9
2021-12-20,341.1553,358.5963,332.7222,352.607,457070.0,159056799.7
2021-12-21,354.5715,359.363,354.5715,356.1527,138372.0,49467565.75
2021-12-22,358.4047,360.7046,344.5093,346.6655,95708.0,33667757.9
2021-12-23,349.5404,351.6007,344.2218,347.0967,97587.0,33876569.05
2021-12-24,347.9113,349.3966,342.8323,344.8447,62430.0,21584477.45
2021-12-27,344.9885,349.205,342.8802,345.5155,75428.0,26133062.8
2021-12-28,348.8217,349.3008,343.8385,345.8509,79749.0,27684475.75
2021-12-29,347.8634,351.1695,344.1739,346.1384,99945.0,34695664.85
2021-12-30,346.7613,359.6984,345.4676,351.7445,145039.0,51257714.5
2021-12-31,351.6966,354.9548,349.78,351.8882,55572.0,19627373.1
2022-01-03,352.6549,373.7375,352.6549,360.4171,901926.0,330162936.25
2022-01-04,362.0941,366.0232,351.7445,356.6797,195451.0,69981645.8
2022-01-05,356.6797,357.7339,351.9841,352.9424,78370.0,27807477.0
2022-01-06,346.9051,354.6673,346.9051,351.2174,80152.0,28116888.4
2022-01-07,351.2174,368.8981,351.2174,366.8377,408269.0,148571390.25
2022-01-10,368.8981,377.8103,367.9877,372.348,317797.0,118642434.05
2022-01-11,372.7792,378.529,367.4127,368.7543,153343.0,57078505.6
2022-01-12,367.9877,372.7792,365.4482,370.0001,126344.0,46677849.2
2022-01-13,370.0001,372.4438,366.5982,367.5565,68485.0,25248041.75
2022-01-14,367.0294,372.348,367.0294,369.1377,88238.0,32599835.6
2022-01-17,371.2938,377.5228,367.9877,369.6647,123663.0,46020531.65
2022-01-18,369.9043,372.5875,359.363,360.6567,94841.0,34603373.15
2022-01-19,358.4047,360.5609,352.6549,355.5777,59578.0,21257025.95
2022-01-20,357.3985,358.3568,350.0195,351.9361,85843.0,30258779.6
2022-01-21,351.6966,351.7445,342.3052,343.2156,77323.0,26785008.4
2022-01-24,348.3425,348.3425,327.4995,328.2182,143160.0,47579570.1
2022-01-25,326.7807,336.5554,319.1143,330.7577,103796.0,34301729.85
2022-01-27,333.4888,333.4888,321.0309,323.235,98976.0,32130885.15
2022-01-28,327.739,336.8908,327.739,328.314,84297.0,27939002.6
2022-01-31,333.4888,336.3158,325.8224,328.6494,116033.0,38206843.05
2022-02-01,332.5305,335.4055,327.5953,333.0097,77732.0,25715707.85
2022-02-02,336.2679,348.2946,336.2679,344.126,119514.0,41095217.15
2022-02-03,346.6176,350.7383,342.7844,345.276,85169.0,29565948.5
2022-02-04,347.6238,356.3922,345.3718,353.0861,144018.0,50799285.95
2022-02-07,355.1944,357.5422,345.0364,347.528,83994.0,29523000.95
2022-02-08,330.6139,332.0993,321.9892,323.1871,353721.0,115337202.7
2022-02-09,324.8641,329.8473,319.8331,321.558,92240.0,29765173.1
2022-02-10,321.0309,326.8287,320.0726,323.7142,88590.0,28721675.4
2022-02-11,321.0309,323.5704,320.1205,320.5039,55751.0,17899323.8
2022-02-14,316.2394,319.5935,297.0734,301.1941,150055.0,46163993.4
2022-02-15,306.5606,309.5313,296.4505,306.7043,80767.0,24423703.2
2022-02-16,308.573,318.156,305.6502,311.0167,119531.0,37358361.7
2022-02-17,311.4479,316.2394,308.6688,309.723,28593.0,8903472.5
2022-02-18,305.746,314.2749,299.9483,302.919,43704.0,13427732.75
2022-02-21,299.9483,301.3378,289.5986,290.7007,67411.0,19785546.6
2022-02-22,283.6572,287.9216,278.1469,281.1177,97548.0,27704641.6
2022-02-23,280.7823,292.3777,280.7823,284.7592,43512.0,12471726.45
2022-02-24,281.6447,281.6447,254.9081,256.3935,181992.0,48466291.7
2022-02-25,265.4495,270.0972,257.783,267.5577,88963.0,23702493.45
2022-02-28,266.4078,271.7263,260.8496,270.6722,114904.0,30890036.15
2022-03-02,272.1576,275.5116,263.5329,265.9286,126287.0,34086045.15
2022-03-03,266.4078,273.3075,264.4912,266.0724,121133.0,32582186.5
2022-03-04,263.6287,267.3181,250.1166,258.7413,95872.0,24931216.3
2022-03-07,255.8664,258.6455,251.0749,255.579,118652.0,30190324.65
2022-03-08,255.0519,266.264,254.9081,263.8203,80873.0,21234551.25
2022-03-09,263.8683,269.6181,263.6287,264.7786,228252.0,60955751.4
2022-03-10,268.2285,277.9074,267.2223,273.9304,208355.0,56869118.0
2022-03-11,276.7574,281.8843,273.9304,276.5658,108595.0,30155884.4
2022-03-14,279.7761,279.824,269.2827,270.2889,83891.0,22928331.65
2022-03-15,271.1993,274.745,268.3244,268.8035,118305.0,32168151.05
2022-03-16,274.0742,274.0742,266.4557,267.941,130906.0,35300096.4
2022-03-17,273.1159,273.6908,266.4557,267.414,110891.0,30027989.2
2022-03-21,273.1159,273.1159,264.587,265.6411,127543.0,34147279.55
2022-03-22,263.5808,268.4202,263.5808,264.8266,96881.0,25788062.2
2022-03-23,265.0661,272.3492,263.6287,264.4432,133124.0,35766591.65
2022-03-24,265.3536,271.8222,264.1078,270.0014,120598.0,32508263.7
2022-03-25,272.3013,295.4443,269.5222,285.0946,640923.0,183627506.55
2022-03-28,285.8134,287.3946,261.6163,264.4432,293686.0,79983135.65
2022-03-29,264.6349,269.9535,255.9144,257.4956,252633.0,66091384.15
2022-03-30,259.6996,266.3119,257.3039,258.4539,177313.0,46426708.25
2022-03-31,258.4539,265.9286,254.9081,255.531,138478.0,35764927.35
2022-04-01,257.783,270.241,257.783,267.3181,156815.0,41614528.1
2022-04-04,270.241,291.2757,269.5702,289.5986,290591.0,82253644.8
2022-04-05,291.0361,309.4834,290.4132,302.1524,405197.0,122510476.65
2022-04-06,306.896,315.0895,304.5002,307.471,201158.0,62331301.9
2022-04-07,309.1001,311.4958,299.9483,301.0503,122022.0,37411841.5
2022-04-08,303.4461,304.8836,297.6963,302.8232,58499.0,17608788.7
2022-04-11,308.573,319.0185,306.2731,307.8064,158369.0,49131237.25
2022-04-12,307.8064,308.4772,299.2775,301.7691,50504.0,15266609.15
2022-04-13,302.0566,309.5313,301.3858,304.2607,66291.0,20233567.5
2022-04-18,301.9128,312.9333,299.7566,309.0042,123158.0,37970504.45
2022-04-19,311.4,333.4409,310.3459,318.3477,461958.0,149023700.9
2022-04-20,320.8872,327.5953,314.0832,316.3832,117172.0,37583152.75
2022-04-21,320.3601,327.739,318.2039,325.0079,104045.0,33695188.65
2022-04-22,322.0851,336.3638,317.6769,327.1161,195566.0,64467359.95
2022-04-25,325.7266,325.7266,310.5854,313.7958,95953.0,30384278.9
2022-04-26,316.9102,325.9662,314.4666,316.8144,165106.0,52718150.85
2022-04-27,316.1436,317.9165,311.975,315.5207,50189.0,15790033.25
2022-04-28,317.1977,317.8685,308.5251,309.3397,44173.0,13733033.55
2022-04-29,308.6209,312.0229,304.7398,305.7939,37732.0,11627411.6
2022-05-02,301.9128,315.0895,299.9483,307.5189,94098.0,28979734.7
2022-05-04,303.0628,315.2332,290.4132,295.3964,79496.0,23875203.5
2022-05-05,301.8649,306.7522,293.2402,296.738,56996.0,17139958.85
2022-05-06,292.3298,295.1568,285.5259,291.9465,63330.0,18327140.9
2022-05-09,286.5321,293.2881,278.8657,283.178,86296.0,24616928.95
2022-05-10,280.7823,289.407,272.6367,273.8825,67001.0,18696223.35
2022-05-11,275.6075,276.422,256.7768,259.7476,113810.0,30017389.9
2022-05-12,256.8247,262.2871,255.1477,258.1664,52139.0,13454264.15
2022-05-13,261.6163,269.666,261.6163,266.3598,49785.0,13267732.2
2022-05-16,267.3181,268.8993,264.0599,267.989,72444.0,19407531.65
2022-05-17,270.1451,270.193,263.5329,267.7015,59584.0,15931658.05
2022-05-18,269.2827,277.2366,268.3244,271.6305,63117.0,17233767.0
2022-05-19,266.3598,269.2347,258.7413,261.6163,43158.0,11429591.0
2022-05-20,265.2099,300.7149,263.5329,284.1363,873186.0,252472549.1
2022-05-23,282.6989,282.6989,275.0325,277.6678,54328.0,15179772.7
2022-05-24,280.5906,280.7344,271.6784,272.8763,44695.0,12343230.35
2022-05-25,273.2596,275.847,265.0661,266.5994,44081.0,11902083.05
2022-05-26,263.5808,274.0742,258.8372,263.1974,138722.0,36555773.6
2022-05-27,282.6989,288.4487,271.1993,274.6971,365671.0,101921561.4
2022-05-30,276.9491,280.6864,270.241,272.2055,192843.0,52718853.55
2022-05-31,269.4743,275.4158,269.4743,271.918,68476.0,18665885.7
2022-06-01,272.9242,283.5614,271.1993,276.5178,137250.0,38163889.9
2022-06-02,275.9908,300.9066,275.1762,296.163,257100.0,74526509.9
2022-06-03,299.0379,300.3316,286.0529,287.6341,106343.0,31109039.1
2022-06-06,289.2153,290.8444,284.2801,286.5321,56101.0,16176682.55
2022-06-07,284.6155,291.9944,284.6155,286.2925,94512.0,27154335.65
2022-06-08,284.7592,292.7131,283.753,284.903,88591.0,25575630.4
2022-06-09,282.6989,291.659,281.0698,289.9341,44772.0,12828787.15
2022-06-10,287.4904,290.6528,284.7113,285.8613,33805.0,9712201.2
2022-06-13,275.9908,279.2969,273.1159,273.3554,44348.0,12232479.2
2022-06-14,272.5409,276.2783,260.8496,264.587,58714.0,15800778.4
2022-06-15,264.2995,271.6784,264.1557,269.4743,33528.0,8991379.2
2022-06-16,273.4992,274.745,261.0413,264.2995,50563.0,13484685.2
2022-06-17,263.5329,270.9597,257.3997,264.5391,62808.0,16586478.85
2022-06-20,263.5329,267.8931,255.0998,257.8789,54340.0,14173326.2
2022-06-21,262.5746,266.2161,261.7121,264.2037,34465.0,9101249.75
2022-06-22,266.839,267.3661,259.0768,261.4246,37637.0,9924298.0
2022-06-23,259.3163,275.1283,259.3163,262.4308,62629.0,16748674.3
2022-06-24,266.839,271.1034,262.5266,268.9473,76635.0,20391803.85
2022-06-27,274.0742,274.0742,268.9473,271.6784,68079.0,18501857.45
2022-06-28,268.3723,274.8408,268.2285,273.4513,36830.0,10002540.1
2022-06-29,269.3306,284.6155,269.3306,276.9491,42371.0,11650996.35
2022-06-30,276.9491,284.5676,273.4034,278.2428,45441.0,12596604.15
2022-07-01,274.0742,282.5072,273.595,277.4761,29887.0,8262455.3
2022-07-04,278.8657,281.8843,273.2117,274.2658,34413.0,9493581.65
2022-07-05,273.2596,282.651,268.6119,270.4805,52570.0,14394738.85
2022-07-06,271.1993,276.4699,268.516,273.4513,32112.0,8738975.45
2022-07-07,275.9908,293.8631,274.745,291.6111,155013.0,44459162.1
2022-07-08,293.4319,293.4798,283.7051,284.9509,58339.0,16783907.7
2022-07-11,283.9926,315.2811,280.9739,308.3814,639725.0,196541386.75
2022-07-12,306.6085,324.8641,302.1524,323.0913,443788.0,140789685.25
2022-07-13,325.8224,327.9786,306.8481,310.25,236099.0,75538414.7
2022-07-14,309.0522,316.1436,307.1356,311.4479,75800.0,23580102.1
2022-07-15,313.8437,315.9519,308.4772,312.4062,54654.0,17051773.1
2022-07-18,314.1791,333.4888,313.4604,327.3078,190374.0,62125530.8
2022-07-19,329.464,340.5324,325.0079,331.8597,240778.0,80378063.2
2022-07-20,334.8784,337.5616,322.133,323.6183,102841.0,33856769.4
2022-07-21,325.3912,326.1578,314.3228,316.2394,63652.0,20368496.9
2022-07-22,318.9227,325.2475,315.2811,316.5748,54560.0,17432106.75
2022-07-25,319.1143,337.2741,319.1143,329.3682,334812.0,110852305.0
2022-07-26,326.1578,329.7036,316.7186,317.6769,62212.0,20026239.6
2022-07-27,316.0478,322.8517,312.55,319.5456,55208.0,17611115.75
2022-07-28,321.0309,327.212,315.377,317.9644,115860.0,37163578.4
2022-07-29,319.1143,321.8455,316.3353,319.4018,101467.0,32450132.6
2022-08-01,321.7017,334.2555,318.9706,327.8349,351592.0,114647019.05
2022-08-02,325.8224,331.5722,323.9058,329.5598,147405.0,48560507.9
2022-08-03,329.5598,330.8535,319.4497,323.3788,87194.0,28224160.2
2022-08-04,324.8162,331.0931,316.4311,320.6476,113476.0,36894738.8
2022-08-05,323.235,326.3016,317.9165,319.4976,75138.0,24115553.45
2022-08-08,321.9892,324.385,315.2332,317.4852,134463.0,42703462.2
2022-08-10,344.9885,380.9727,340.3886,379.1519,2949560.0,1095768363.6
2022-08-11,385.2371,387.3933,366.4544,374.1208,1173413.0,441954902.6
2022-08-12,375.6541,415.9028,373.0667,398.845,2044855.0,822997276.9
2022-08-16,409.1946,409.1946,391.5619,396.4972,425103.0,169979427.45
2022-08-17,393.9097,400.7137,386.6746,391.9452,238326.0,93903885.3
2022-08-18,392.8556,393.1431,380.1581,385.8121,260062.0,100210813.55
2022-08-19,388.0162,397.4555,377.5707,383.8476,236987.0,91745935.75
2022-08-22,383.17,386.1223,374.4099,375.8618,176027.0,66665077.6
2022-08-23,369.7637,387.0903,369.7637,379.9757,212816.0,80826566.0
2022-08-24,381.3793,391.3009,377.0234,387.7678,219752.0,84946603.3
2022-08-25,390.7685,403.6425,390.575,393.4305,335561.0,133621637.2
2022-08-26,394.7372,399.4803,389.5102,392.1721,117238.0,46091893.8
2022-08-29,380.4113,395.8504,378.4754,392.2205,144771.0,56237110.55
2022-08-30,396.2376,418.8396,394.7856,399.9158,485769.0,198314375.85
2022-09-01,401.7066,407.5144,395.9472,399.5771,153581.0,61674787.3
2022-09-02,402.5294,402.5778,389.4618,390.1394,168836.0,66370460.75
2022-09-05,390.091,421.0659,385.2511,415.4517,470908.0,191161008.65
2022-09-06,420.0496,433.5527,413.3222,417.8232,738849.0,313546095.15
2022-09-07,413.3222,420.0012,404.6105,406.74,149943.0,61712249.9
2022-09-08,409.5471,415.8389,404.6105,408.434,162148.0,66435426.5
2022-09-09,408.8211,411.2895,397.7863,398.8511,122228.0,49225226.4
2022-09-12,399.3351,429.7776,399.3351,426.535,746154.0,315588700.95
2022-09-13,432.5364,434.4239,421.0659,422.1791,235602.0,100707929.95
2022-09-14,415.3549,442.1676,412.5478,423.3407,561971.0,242658174.3
2022-09-15,426.5834,432.6815,415.8873,429.1001,280114.0,119477043.2
2022-09-16,427.8417,440.4253,412.3542,418.6944,372593.0,159146148.25
2022-09-19,418.162,420.4852,404.6589,407.5144,177534.0,73068176.5
2022-09-20,411.3863,425.2282,411.0475,415.7421,207481.0,86982393.5
2022-09-21,413.903,419.4688,403.9329,409.9343,144465.0,59356323.65
2022-09-22,409.1599,431.6652,409.0631,429.4389,389719.0,164619407.15
2022-09-23,433.1655,445.7491,423.0019,430.2132,559474.0,243326765.35
2022-09-26,428.8097,428.8097,397.4475,400.0126,376129.0,153567590.15
2022-09-27,406.014,423.0019,399.7706,417.1941,297546.0,122250687.35
2022-09-28,411.3863,417.1941,401.6582,403.5941,171607.0,70015166.3
2022-09-29,425.325,450.8309,421.1143,438.6829,1941668.0,857319370.5
2022-09-30,443.184,448.9434,426.9705,435.1015,442814.0,193255503.1
2022-10-03,433.6011,441.2965,412.4026,419.7108,274875.0,118234593.8
2022-10-04,426.8253,456.8323,422.4211,449.5726,991044.0,442141570.35
2022-10-06,452.4281,462.6401,443.6196,448.6046,554032.0,251034451.2
2022-10-07,448.1206,456.8807,443.3776,452.3797,281563.0,127053657.65
2022-10-10,447.6366,451.0729,435.5855,438.2958,283583.0,125118725.6
2022-10-11,440.8609,442.2644,424.9378,427.2609,187663.0,81409434.2
2022-10-12,429.5841,433.6495,407.5628,410.8055,328640.0,136602177.9
2022-10-13,410.4183,422.9535,401.8034,410.5151,221578.0,91446129.7
2022-10-14,418.3072,425.6154,405.2881,407.0788,248314.0,103281882.2
2022-10-17,405.2397,417.5813,403.1101,414.9677,186665.0,76765479.6
2022-10-18,420.098,427.8417,414.8709,418.404,243505.0,102835042.75
2022-10-19,422.4211,424.599,409.2083,411.1927,223673.0,92982386.55
2022-10-20,408.3372,420.5336,406.7884,418.5976,123522.0,51281926.45
2022-10-21,419.13,420.9691,405.3849,410.1279,104083.0,42930592.5
2022-10-24,414.2902,421.0659,412.935,418.1136,56630.0,23659394.95
2022-10-25,422.3243,422.3243,411.8218,417.5813,66793.0,27766141.15
2022-10-27,421.0659,421.0659,410.9507,412.6446,65254.0,27035461.6
2022-10-28,414.7741,415.0161,404.6105,405.5301,114075.0,46664016.65
2022-10-31,411.0475,411.0959,394.7372,396.9635,124020.0,49794661.5
2022-11-01,398.5123,399.0447,385.2995,390.7685,233420.0,91491137.9
2022-11-02,394.35,396.044,390.9137,393.1885,81040.0,31916457.85
2022-11-03,392.9949,396.1408,387.1871,389.5586,96978.0,37877531.6
2022-11-04,389.1714,391.3977,377.6042,384.6704,213159.0,81698304.0
2022-11-07,384.1864,386.2675,374.5067,375.6683,184491.0,69910786.5
2022-11-09,375.6683,379.3465,361.1003,362.4555,287655.0,105455839.55
2022-11-10,360.0356,387.6711,358.148,361.9715,664724.0,248467918.25
2022-11-11,371.506,375.5715,358.148,369.5701,259009.0,94661354.75
2022-11-14,318.4614,326.1083,299.3924,303.3127,1611004.0,495281002.3
2022-11-15,308.2977,308.7817,298.2308,300.8444,329729.0,99612093.75
2022-11-16,301.9575,304.9098,296.1981,298.7148,235103.0,70787568.1
2022-11-17,298.134,299.9248,285.7441,289.1319,277583.0,81146365.4
2022-11-18,290.2935,294.9881,280.7106,285.8893,257727.0,73750847.65
2022-11-21,280.7106,282.6466,274.9512,277.0323,299729.0,83063680.0
2022-11-22,277.0807,288.406,277.0807,284.1953,265952.0,75544984.4
2022-11-23,286.4216,293.4394,285.5505,290.6807,191126.0,55341102.15
2022-11-24,292.3262,294.9397,285.8893,286.8088,94991.0,27459295.05
2022-11-25,287.5832,297.1661,286.3248,295.0849,148726.0,43356082.1
2022-11-28,295.7141,296.6821,287.7284,290.0999,102081.0,29796974.35
2022-11-29,293.2458,293.7782,285.0665,288.5512,123125.0,35576990.35
2022-11-30,289.8095,291.939,287.0992,288.5996,98567.0,28499503.45
2022-12-01,291.3099,292.181,288.5996,290.0031,94339.0,27361959.95
2022-12-02,293.2942,303.4579,290.2935,294.8914,302020.0,89818629.85
2022-12-05,295.8109,297.6017,291.8423,293.8266,128730.0,37880269.55
2022-12-06,295.1817,297.9888,293.0038,295.2301,86558.0,25550906.95
2022-12-07,295.8109,296.8273,290.4387,291.8423,61421.0,18008638.85
2022-12-08,292.3262,294.2138,290.3903,292.0842,70234.0,20498757.9
2022-12-09,294.6978,295.1817,287.2928,290.1967,81264.0,23607113.3
2022-12-12,292.3262,293.0522,285.5989,288.406,78859.0,22712311.05
2022-12-13,291.2131,292.3262,288.3092,288.89,67907.0,19681780.8
2022-12-14,290.3903,292.3746,287.196,288.164,68674.0,19851028.65
2022-12-15,287.4864,291.0195,286.8572,287.7768,54900.0,15834485.85
2022-12-16,288.4544,291.2131,285.0665,286.4216,64830.0,18639884.1
2022-12-19,285.6473,288.7932,285.0665,286.8088,45504.0,13051779.45
2022-12-20,288.2124,290.8743,282.8886,288.7932,92575.0,26526019.25
2022-12-21,290.1967,293.2942,280.7106,283.2273,86939.0,24951377.85
2022-12-22,285.5989,287.438,274.322,277.6615,132951.0,36887524.1
2022-12-23,273.9349,274.9028,265.7071,266.5783,104735.0,28213704.4
2022-12-26,264.2552,278.4843,264.2552,276.4032,91716.0,25144318.7
2022-12-27,279.0651,286.8088,277.4195,282.9853,72473.0,20399061.15
2022-12-28,282.6466,291.3099,281.5334,287.0024,90675.0,26022598.9
2022-12-29,283.4209,285.6957,282.6466,283.5661,43185.0,12254953.6
2022-12-30,283.7597,293.0038,283.6145,289.3255,66828.0,19250005.0
2023-01-02,292.2294,292.2294,287.0992,289.9547,66554.0,19235366.15
2023-01-03,292.2294,293.2942,287.3896,288.8416,80283.0,23311587.25
2023-01-04,289.4223,289.4223,281.0978,281.727,114732.0,32528005.2
2023-01-05,283.1789,284.2437,277.8067,279.5975,94706.0,26499867.25
2023-01-06,280.759,281.8722,271.7085,274.7576,104407.0,28815720.55
2023-01-09,277.8067,280.275,273.9349,275.4836,44731.0,12412162.0
2023-01-10,277.8067,279.6459,275.4352,278.0971,33265.0,9233717.95
2023-01-11,278.1455,282.5982,278.1455,280.2266,31644.0,8882413.95
2023-01-12,281.6786,282.5014,278.7747,280.8074,26179.0,7350960.45
2023-01-13,283.5661,283.5661,278.1455,281.001,26238.0,7374312.65
2023-01-16,281.001,282.3562,273.9832,277.0807,34680.0,9654264.1
2023-01-17,276.8388,280.3718,276.4032,277.6615,23533.0,6544840.75
2023-01-18,276.8388,283.6145,276.8388,280.0814,33055.0,9284892.3
2023-01-19,281.6302,281.6302,277.2743,277.8067,25698.0,7167939.95
2023-01-20,278.4359,280.8074,277.4679,278.1455,30917.0,8616863.65
2023-01-23,278.7747,280.6138,276.0644,276.9839,23584.0,6534241.3
2023-01-24,275.8708,278.2907,274.564,276.742,23334.0,6455121.25
2023-01-25,277.6131,277.6131,269.095,271.3213,55229.0,15009992.05
2023-01-27,274.8544,274.8544,263.2872,266.0459,48786.0,12992708.45
2023-01-30,267.1107,270.9342,262.3192,264.352,43862.0,11653439.9
2023-01-31,266.7719,274.8544,264.3036,271.6601,45705.0,12313149.8
2023-02-01,271.9989,279.5491,265.3683,268.2238,52614.0,14388034.25
2023-02-02,270.063,273.3541,267.1591,268.0786,32434.0,8747247.65
2023-02-03,269.095,271.0309,265.2231,266.7719,38757.0,10333654.05
2023-02-06,269.0466,278.0003,267.2559,276.5968,145290.0,39612155.0
2023-02-07,277.8067,278.6295,268.611,270.5954,95328.0,26119899.0
2023-02-08,272.7733,276.7904,267.5463,268.1754,81454.0,22042482.8
2023-02-09,270.063,270.063,266.6751,267.4011,61275.0,16407917.25
2023-02-10,267.4011,270.4018,266.9655,268.9498,62698.0,16853199.15
2023-02-13,269.095,271.8053,267.3527,267.8367,39893.0,10737281.6
2023-02-14,271.8537,271.8537,259.4153,260.9157,71235.0,18788416.75
2023-02-15,261.3513,262.9968,258.7862,259.8509,62530.0,16247996.0
2023-02-16,261.3513,266.1911,259.7057,262.2708,73162.0,19265699.3
2023-02-17,262.3192,264.6424,261.7869,262.8516,36571.0,9620689.1
2023-02-20,262.8516,264.352,259.8993,261.4965,42033.0,11010502.05
2023-02-21,265.4167,265.4167,259.8993,260.6737,24495.0,6405996.8
2023-02-22,260.6253,261.2545,257.189,257.4794,45493.0,11752257.3
2023-02-23,258.4474,259.8993,254.8659,256.9954,29988.0,7717310.4
2023-02-24,259.5605,259.5605,255.1563,255.8823,33163.0,8520794.65
2023-02-27,255.5435,255.5919,252.5428,253.2687,36288.0,9201050.0
2023-02-28,253.6075,259.3185,253.1235,256.705,32227.0,8218672.35
2023-03-01,256.705,259.8993,256.705,259.3185,23675.0,6133742.1
2023-03-02,258.4474,263.7228,256.463,257.7698,33526.0,8720775.4
2023-03-03,259.5605,261.6417,258.4474,260.0929,31897.0,8308900.85
2023-03-06,262.2708,267.8367,261.3513,262.8516,42250.0,11121752.7
2023-03-08,262.8516,266.3847,261.1093,265.5135,45871.0,12151671.4
2023-03-09,267.6431,269.579,265.9007,266.3363,33905.0,9070618.05
2023-03-10,265.2231,266.0943,262.416,263.0936,32637.0,8606888.6
2023-03-13,262.9,263.7228,252.6396,255.7855,48974.0,12647387.25
2023-03-14,258.2538,260.0929,251.72,253.8495,46179.0,11704654.6
2023-03-15,254.6723,257.1406,250.7036,251.7684,44099.0,11181043.7
2023-03-16,254.0915,254.0915,244.7022,248.0417,39258.0,9723972.85
2023-03-17,249.7357,252.6396,247.8481,250.4132,25423.0,6357695.0
2023-03-20,246.8318,251.478,241.3627,242.8631,67436.0,16451507.9
2023-03-21,245.2346,246.6866,242.9599,243.8795,53471.0,13049386.35
2023-03-22,244.0247,248.7677,244.0247,246.251,36799.0,9080475.1
2023-03-23,246.251,248.5257,242.9599,243.9763,36829.0,9038867.8
2023-03-24,242.9599,245.8154,237.1521,238.4588,76070.0,18351448.4
2023-03-27,239.9592,239.9592,228.4404,229.6503,81108.0,18857225.9
2023-03-28,231.3443,231.8767,213.9209,215.5664,146861.0,32453866.35
2023-03-29,214.8888,225.5365,214.0177,220.1642,123135.0,27133909.1
2023-03-31,222.2454,234.6354,219.0995,221.471,162180.0,36727846.9
2023-04-03,223.6489,233.9094,223.5521,231.4895,80810.0,18624085.45
2023-04-05,232.3122,237.8297,232.2154,236.6681,57539.0,13539388.0
2023-04-06,237.6361,245.8638,234.2966,243.4923,73153.0,17730864.4
2023-04-10,247.1221,247.5093,241.0723,242.5243,43709.0,10621135.35
2023-04-11,243.0567,246.7834,243.0567,246.2994,33987.0,8349415.75
2023-04-12,248.1869,251.962,246.8318,250.3648,44802.0,11168088.05
2023-04-13,251.3328,261.5933,251.3328,253.5107,115904.0,29733170.9
2023-04-17,255.2531,256.5114,251.478,255.1563,43586.0,11056945.25
2023-04-18,257.189,257.7214,254.0915,255.5919,29328.0,7492761.45
2023-04-19,257.431,258.7862,254.4303,256.6082,36030.0,9247102.3
2023-04-20,256.5114,261.3513,254.6723,255.7371,43727.0,11254026.65
2023-04-21,255.5435,257.4794,249.7357,250.7036,35273.0,8893853.3
2023-04-24,252.688,253.9463,249.8325,250.994,23948.0,6025423.35
2023-04-25,250.994,252.3008,247.5577,248.3805,29890.0,7472729.9
2023-04-26,248.7677,253.3171,243.3471,248.7677,52231.0,12995264.2
2023-04-27,247.7997,253.2203,247.0737,251.478,37417.0,9385165.5
2023-04-28,253.4139,258.2054,252.7364,257.3826,52828.0,13555777.35
2023-05-02,261.2545,261.3513,256.8502,258.2538,38364.0,9929174.45
2023-05-03,257.4794,261.3513,254.0915,256.5114,40488.0,10435939.25
2023-05-04,260.3349,267.7399,257.3342,261.5449,68024.0,17852576.6
2023-05-05,261.3513,266.1911,256.705,257.7214,39532.0,10312135.25
2023-05-08,260.3833,268.0786,259.4153,264.1584,66941.0,17723649.15
2023-05-09,267.5463,269.095,260.3833,261.2545,36149.0,9564074.0
2023-05-10,265.1747,268.127,260.3833,266.2395,39119.0,10330156.5
2023-05-11,265.3683,269.6758,265.3683,267.8367,43844.0,11764479.75
2023-05-12,269.8694,269.8694,264.6424,266.2395,31718.0,8480149.25
2023-05-15,266.2395,266.2395,260.3833,263.4324,31668.0,8359040.45
2023-05-16,263.4324,268.5626,261.2061,261.9805,40469.0,10693847.65
2023-05-17,260.0929,266.6267,260.0929,262.6096,25724.0,6772594.95
2023-05-18,265.1263,267.0623,259.4153,261.4965,29867.0,7862444.95
2023-05-19,264.11,264.2552,257.7214,262.6096,27755.0,7255519.15
2023-05-22,264.836,269.095,262.9,264.0132,41455.0,10985828.35
2023-05-23,266.4815,286.0828,266.4815,279.5491,334293.0,93403572.55
2023-05-24,279.5491,285.4053,278.7747,281.0978,129735.0,36660525.2
2023-05-25,285.5021,285.5021,277.8067,281.9206,74795.0,21094523.35
2023-05-26,282.8886,287.2928,273.1605,276.742,88110.0,24789396.05
2023-05-29,270.2566,270.2566,257.4794,258.4958,257948.0,67008156.9
2023-05-30,261.3513,261.3513,258.4474,259.8993,40965.0,10658685.15
2023-05-31,262.2708,262.3192,254.5755,256.8018,49101.0,12723185.8
2023-06-01,259.3669,260.7221,256.5114,257.3342,42103.0,10880646.0
2023-06-02,260.2865,260.2865,256.6566,258.9314,56494.0,14606761.9
2023-06-05,259.3185,261.3513,257.2374,257.9634,61217.0,15842148.8
2023-06-06,259.4153,265.1263,257.5278,261.1093,104930.0,27483858.5
2023-06-07,263.0452,266.0943,261.3513,262.658,76415.0,20156497.9
2023-06-08,262.658,264.594,258.2538,260.0929,57078.0,14918738.55
2023-06-09,260.0929,261.9321,256.5114,258.2538,33439.0,8649463.65
2023-06-12,258.4474,262.9484,258.4474,261.7385,50932.0,13304368.85
2023-06-13,264.2068,265.0295,261.6417,263.7228,50262.0,13249268.6
2023-06-14,266.0459,269.0466,262.8032,265.9007,69786.0,18531350.65
2023-06-15,267.8851,270.3534,263.868,266.5783,85369.0,22862785.45
2023-06-16,269.5306,271.0793,265.8523,266.4331,68555.0,18406785.05
2023-06-19,271.0309,271.4665,262.0772,264.352,47554.0,12696238.8
2023-06-20,268.0302,268.0302,263.2872,264.4004,41601.0,11002145.6
2023-06-21,264.1584,268.6594,264.1584,265.1263,33335.0,8869448.8
2023-06-22,265.4167,274.4188,264.352,267.3043,131610.0,35471871.35
2023-06-23,270.547,270.547,261.7385,263.3356,65895.0,17422479.5
2023-06-26,264.6908,265.3683,260.4801,261.8353,29970.0,7869502.5
2023-06-27,263.2872,270.1598,263.2872,267.6915,72641.0,19406011.1
2023-06-28,270.8374,272.7733,267.2075,268.611,67464.0,18214188.7
2023-06-30,270.5954,272.5797,266.8203,268.8046,60249.0,16277549.85
2023-07-03,270.063,273.9349,269.095,270.4018,58169.0,15774110.45
2023-07-04,272.4829,275.8708,269.095,271.1277,92089.0,25115681.5
2023-07-05,270.7406,270.9825,266.1911,267.5463,46757.0,12554012.4
2023-07-06,267.6431,272.4829,267.6431,270.2566,59785.0,16187811.5
2023-07-07,269.095,272.4345,267.2075,268.5142,28167.0,7577402.75
2023-07-10,268.1754,270.4986,265.2231,266.2879,23969.0,6408454.35
2023-07-11,266.2879,269.095,262.3192,262.7064,47533.0,12582125.3
2023-07-12,263.2872,264.3036,257.9634,259.6573,65977.0,17156090.1
2023-07-13,260.3833,262.0288,254.6723,255.0595,68015.0,17481943.1
2023-07-14,255.5435,257.3826,253.6075,255.6887,48540.0,12392788.4
2023-07-17,257.3342,259.8509,256.0274,257.5278,40218.0,10351981.45
2023-07-18,259.4153,261.2545,256.9954,259.1733,44587.0,11553639.65
2023-07-19,260.5285,261.2545,258.3506,258.9798,26515.0,6881715.0
2023-07-20,258.9798,261.3513,258.5442,259.6089,25959.0,6743054.75
2023-07-21,256.9954,260.3349,256.5598,258.9314,25816.0,6662759.65
2023-07-24,260.3349,261.0125,256.5598,258.5926,33332.0,8636316.6
2023-07-25,260.3833,260.3833,256.7534,258.0118,30472.0,7871381.15
2023-07-26,260.5285,265.2231,258.7378,260.4317,80987.0,21212064.6
2023-07-27,260.1897,263.7228,259.4153,260.0929,48744.0,12726256.7
2023-07-28,261.3513,262.3676,259.4153,259.7057,30608.0,7961787.4
2023-07-31,264.2552,264.2552,254.6723,257.7214,67544.0,17527883.55
2023-08-01,258.0118,261.3029,255.6887,260.8189,74454.0,19327059.95
2023-08-02,262.2224,270.063,258.7378,265.8523,176134.0,46874453.35
2023-08-03,266.4815,268.611,261.7869,266.4815,56723.0,15031347.45
2023-08-04,266.4815,267.5947,263.5776,264.9328,34458.0,9122147.05
2023-08-07,267.1591,267.1591,252.5912,257.4794,133124.0,34387884.0
2023-08-08,258.4474,262.3192,257.3342,259.6089,62693.0,16249084.55
2023-08-09,262.2708,262.2708,258.4474,260.5285,38968.0,10137777.5
2023-08-10,261.8837,261.8837,255.2047,256.1242,41359.0,10678275.1
2023-08-11,258.157,258.5442,255.9307,256.2694,34645.0,8893681.1
2023-08-14,240.056,246.8318,237.1521,242.6695,193341.0,46870617.0
2023-08-16,241.024,248.7677,240.056,245.767,80633.0,19747546.7
2023-08-17,245.767,247.1705,242.2823,243.7343,42006.0,10283869.8
2023-08-18,243.7343,245.7186,242.9599,244.4602,32961.0,8055824.05
2023-08-21,245.8638,247.7029,243.7827,244.6054,38120.0,9366550.65
2023-08-22,246.8318,249.4937,243.8795,247.8481,42367.0,10495113.65
2023-08-23,248.7193,251.5748,245.8638,246.6382,49803.0,12348276.15
2023-08-24,246.6866,261.2545,246.6866,259.2701,229395.0,59206404.1
2023-08-25,259.2701,266.1911,255.5919,257.7214,63773.0,16493958.55
2023-08-28,258.641,261.3513,258.0118,260.3833,60638.0,15765511.6
2023-08-29,260.3833,269.2402,260.3833,267.6431,262367.0,70042206.0
2023-08-30,269.579,273.5477,264.594,267.8367,176596.0,47837941.5
2023-08-31,269.579,271.9989,265.2715,271.5149,142254.0,38348270.15
2023-09-01,274.9028,274.9028,268.1754,270.6922,88375.0,23991194.5
2023-09-04,274.8544,281.6786,269.4338,277.4195,241714.0,66961994.75
2023-09-05,280.5654,290.1483,280.517,285.6473,341696.0,97711284.9
2023-09-06,285.6473,294.2622,284.0017,291.2131,267150.0,77677666.4
2023-09-07,291.0679,298.9084,288.648,293.2942,219859.0,64655145.9
2023-09-08,294.2622,307.3297,292.181,303.2159,360337.0,108928821.45
2023-09-11,304.813,309.2173,295.2301,298.4244,204240.0,61819089.8
2023-09-12,298.4244,300.07,276.8872,279.7911,215264.0,61466964.05
2023-09-13,279.7427,288.4544,278.7747,286.0344,82006.0,23359613.2
2023-09-14,286.5184,293.2458,286.5184,291.3099,76253.0,22158894.15
2023-09-15,291.4067,295.7141,287.5348,288.3576,54129.0,15747139.7
2023-09-18,287.438,287.922,282.7434,283.6145,51230.0,14592102.7
2023-09-20,283.2273,284.3405,279.0167,279.7911,47243.0,13263974.2
2023-09-21,278.7747,281.727,275.3868,276.016,44057.0,12231017.25
2023-09-22,276.016,278.6779,271.7569,274.5156,43663.0,11997960.1
2023-09-25,274.1284,278.0003,272.9669,274.2252,36038.0,9907151.35
2023-09-26,275.8224,275.8224,271.9989,272.4829,26596.0,7276418.1
2023-09-27,271.5633,274.5156,271.0309,271.4665,30943.0,8421911.1
2023-09-28,271.9989,274.4188,264.0616,267.1107,53280.0,14353595.35
2023-09-29,268.9498,277.0323,267.4979,272.4829,60349.0,16456521.25
2023-10-03,272.4829,275.9676,271.0309,272.0473,35956.0,9838315.35
2023-10-04,271.4181,272.4829,268.6594,270.3534,20302.0,5478754.1
2023-10-05,272.9185,272.9185,267.7883,268.127,42287.0,11391795.05
2023-10-06,268.5142,271.6601,266.1911,268.127,47653.0,12813675.05
2023-10-09,261.3513,265.5619,259.4153,260.3833,48089.0,12593122.15
2023-10-10,266.1911,266.9655,261.3513,264.836,38655.0,10195943.15
2023-10-11,265.2231,274.9512,265.0779,271.5633,71159.0,19336385.5
2023-10-12,271.9989,276.1612,271.0309,272.3377,40503.0,11097486.55
2023-10-13,272.1925,273.8381,268.127,269.6758,33889.0,9197845.65
2023-10-16,269.0466,273.4025,267.5463,270.8858,50222.0,13569546.35
2023-10-17,271.9989,281.6786,271.9989,275.2416,96693.0,26781977.2
2023-10-18,275.8708,278.2423,268.8046,269.5306,51078.0,13918451.4
2023-10-19,268.0302,271.9505,266.1911,267.6431,32878.0,8830548.6
2023-10-20,268.611,270.7406,266.1911,266.9655,26442.0,7079088.5
2023-10-23,266.6751,274.9028,252.9784,255.7855,70771.0,18388231.45
2023-10-25,256.5114,258.4474,249.0581,251.3328,57430.0,14554578.4
2023-10-26,249.8325,251.5264,244.9442,248.7677,55025.0,13636553.0
2023-10-27,251.236,259.3185,250.8488,252.5428,31372.0,7953225.4
2023-10-30,253.6075,254.9627,248.1869,249.3485,32986.0,8286032.2
2023-10-31,251.8168,256.3662,246.9286,249.3001,56711.0,14204652.85
2023-11-01,249.7357,253.5107,248.7677,250.8972,21157.0,5305902.2
2023-11-02,252.6396,268.0302,251.3812,258.9798,55520.0,14303703.45
2023-11-03,259.8993,265.5135,258.8346,260.3349,30201.0,7897415.65
2023-11-06,261.3029,265.7071,260.0929,264.3036,41335.0,10892200.7
2023-11-07,265.6103,265.6103,258.0602,260.7705,32779.0,8555091.6
2023-11-08,260.7705,268.4174,260.7705,265.8039,37674.0,10022849.95
2023-11-09,262.3192,263.2872,257.5278,258.0602,54329.0,14077314.3
2023-11-10,258.4474,259.2217,256.3178,256.705,20232.0,5207036.4
2023-11-12,258.641,267.3527,256.947,261.3029,23298.0,6097141.7
2023-11-13,262.3192,263.142,257.4794,258.883,20104.0,5226342.7
2023-11-15,261.3997,262.9968,255.6403,257.3342,49533.0,12819511.6
2023-11-16,259.1249,261.2545,256.6082,257.5278,43246.0,11189752.2
2023-11-17,260.2865,260.2865,255.6887,256.463,39910.0,10281711.7
2023-11-20,254.5755,257.3342,254.4787,255.4467,35547.0,9071904.4
2023-11-21,255.4467,257.7214,254.6723,255.5919,30688.0,7855722.7
2023-11-22,258.157,258.157,254.0915,254.5271,21625.0,5520480.7
2023-11-23,254.5755,258.4474,254.5755,255.6403,31151.0,8006789.75
2023-11-24,258.1086,258.157,254.3335,255.5435,33127.0,8477129.95
2023-11-28,258.1086,258.1086,254.7691,256.1726,34516.0,8826838.5
2023-11-29,258.2054,258.2054,253.9463,255.1079,51506.0,13185307.85
2023-11-30,256.5114,257.3826,254.8659,255.5435,29008.0,7418571.75
2023-12-01,255.5435,262.0288,255.5435,257.915,95877.0,24826916.15
2023-12-04,263.2872,263.2872,258.3506,259.2217,48208.0,12521885.4
2023-12-05,261.3513,268.369,260.1897,264.1584,107999.0,28512165.2
2023-12-06,266.1911,281.6786,263.4324,275.3868,375475.0,103488261.85
2023-12-07,275.6772,277.5163,271.7085,272.3861,72031.0,19730529.05
2023-12-08,272.9669,275.0964,268.611,269.2886,73446.0,19955503.5
2023-12-11,270.063,272.6765,267.4011,268.2722,50873.0,13750722.3
2023-12-12,270.8858,275.29,269.6758,270.789,69337.0,18874116.85
2023-12-13,272.7733,273.7413,267.2075,268.9982,54552.0,14707304.4
2023-12-14,270.8858,272.2409,262.7548,264.9812,99501.0,26569137.5
2023-12-15,267.1107,271.8053,263.8196,266.6267,102476.0,27523737.0
2023-12-18,267.7399,273.4993,267.7399,269.821,116541.0,31561840.45
2023-12-19,271.5149,276.8388,267.5463,271.5149,137812.0,37578835.3
2023-12-20,272.9185,278.2423,259.3185,260.6253,147879.0,39851675.2
2023-12-21,260.6253,264.836,259.4153,263.5776,65648.0,17222790.25
2023-12-22,265.1747,272.9669,262.1256,270.8858,75582.0,20266017.95
2023-12-26,272.9185,296.1981,269.1434,292.8102,1263803.0,367337203.55
2023-12-27,297.1661,301.8123,287.5348,290.0515,452874.0,133802993.55
2023-12-28,291.2615,293.0038,284.0985,285.7925,114080.0,32676904.8
2023-12-29,286.954,288.4544,282.1626,283.5177,127434.0,36354713.65
2024-01-01,283.8081,295.7625,283.8081,286.7604,176560.0,51288262.0
2024-01-02,287.4864,295.1817,285.5505,288.7932,159498.0,46235793.1
2024-01-03,288.406,293.6814,286.4216,290.4871,120165.0,34946474.95
2024-01-04,290.6807,297.6501,290.6807,292.3746,190232.0,55950403.7
2024-01-05,295.2785,295.4721,286.712,288.406,79620.0,23109034.05
2024-01-08,290.6807,291.1647,276.8388,278.2423,110930.0,31262446.1
2024-01-09,282.1142,283.5661,275.3868,277.2259,81786.0,22802000.6
2024-01-10,276.0644,280.3234,273.0153,276.5484,78625.0,21680117.4
2024-01-11,276.9356,285.1149,276.9356,284.2437,92921.0,26205331.45
2024-01-12,285.5505,286.228,278.7747,280.5654,54350.0,15330028.85
2024-01-15,281.0494,283.8081,274.9028,275.7256,91407.0,25388388.6
2024-01-16,275.8708,280.4202,272.6281,273.7897,66830.0,18481231.95
2024-01-17,270.063,274.806,269.8694,272.7733,70939.0,19297018.5
2024-01-18,272.7733,279.6459,264.2552,274.1284,83888.0,22761315.35
2024-01-19,275.9192,276.8388,272.1441,273.8865,57206.0,15716515.05
2024-01-20,271.5149,275.048,269.6274,270.6922,43632.0,11863475.7
2024-01-23,271.0309,275.6772,264.4004,266.3847,64579.0,17390119.1
2024-01-24,269.095,271.1761,264.594,266.7719,40240.0,10745349.55
2024-01-25,269.3854,269.3854,262.3192,265.8523,77271.0,20518210.85
2024-01-29,266.3847,268.4174,261.9805,262.8516,61825.0,16338227.35
2024-01-30,264.594,266.3847,262.0772,263.3356,59022.0,15624465.15
2024-01-31,265.6587,267.4495,263.384,265.5619,48970.0,13002740.9
2024-02-01,267.3527,268.0302,263.5776,265.2231,48740.0,12946360.45
2024-02-02,265.4167,272.9669,264.7392,269.2886,67487.0,18189732.1
2024-02-05,268.1754,269.7726,261.1577,262.416,76030.0,20168508.3
2024-02-06,265.4651,265.4651,261.3513,261.7869,47740.0,12525313.25
2024-02-07,263.4324,266.9655,261.1093,263.142,88201.0,23245900.85
2024-02-08,266.1911,266.1911,258.7378,261.1577,63968.0,16725391.95
2024-02-09,259.4637,261.5933,256.5114,258.2538,49291.0,12762392.9
2024-02-12,251.7684,254.5755,245.6702,247.6061,168584.0,41932998.25
2024-02-13,249.5905,249.5905,237.1037,244.073,93293.0,22725561.55
2024-02-14,242.8147,266.0459,241.3627,260.0445,304723.0,78734231.75
2024-02-15,261.1093,264.4004,259.4153,260.1413,93304.0,24451948.25
2024-02-16,261.3513,262.2224,253.4139,255.8339,67304.0,17313848.05
2024-02-19,258.6894,260.4801,254.6239,255.0595,63735.0,16369451.45
2024-02-20,256.5598,259.6573,254.2851,255.7371,42214.0,10827929.45
2024-02-21,258.4474,258.4474,253.2203,253.7043,40870.0,10445472.45
2024-02-22,255.9307,256.8986,252.9784,255.5435,43273.0,11028449.55
2024-02-23,257.8666,260.2865,253.1235,254.9627,66428.0,17056598.45
2024-02-26,256.221,256.221,251.0908,252.5912,43768.0,11087195.5
2024-02-27,253.6075,269.095,253.5591,262.174,279434.0,73778823.05
2024-02-28,262.2224,269.095,259.1733,261.4965,189178.0,49940763.85
2024-02-29,261.5933,265.4167,259.7541,261.6417,77381.0,20324516.2
2024-03-01,263.7228,268.5142,262.6096,263.2872,77215.0,20467685.3
2024-03-02,265.0295,269.095,261.3513,267.2559,30988.0,8272618.25
2024-03-04,269.4822,274.806,267.2075,269.095,173203.0,46804878.35
2024-03-05,269.9662,277.8067,269.4822,272.8217,176111.0,48227136.45
2024-03-06,274.9028,274.9028,259.4637,262.5612,89476.0,23668836.8
2024-03-07,263.5292,267.4979,261.8353,262.6096,39563.0,10467748.2
2024-03-11,265.5135,271.3213,260.9641,261.7869,123615.0,32963869.6
2024-03-12,264.2552,265.2231,249.7357,251.7684,85572.0,21852477.5
2024-03-13,251.7684,254.9143,238.0716,240.2496,101139.0,24761870.8
2024-03-14,243.9279,249.3001,242.1371,247.0737,62375.0,15355553.8
2024-03-15,247.5577,251.3812,242.4759,248.0901,54549.0,13479927.45
2024-03-18,251.8168,252.1556,246.6866,248.7677,36433.0,9059402.25
2024-03-19,250.7036,250.7036,241.9919,245.283,49000.0,12080694.3
2024-03-20,244.8958,246.2994,239.088,239.6204,56721.0,13712128.0
2024-03-21,243.2019,243.2019,240.056,240.4432,55580.0,13403415.4
2024-03-22,241.024,250.5584,241.024,244.8474,108369.0,26757221.7
2024-03-26,244.557,245.8638,234.0062,235.6517,146958.0,35157640.1
2024-03-27,235.2161,238.4104,227.5208,229.6503,189844.0,44410518.15
2024-03-28,229.6503,232.651,222.681,223.6005,147865.0,33663458.5
2024-04-01,227.3756,240.4916,226.214,238.8944,109500.0,25675596.75
2024-04-02,239.0396,246.3478,237.2973,243.1535,70401.0,17064410.5
2024-04-03,242.1855,249.3969,241.7015,245.9606,58690.0,14437677.05
2024-04-04,246.2994,251.4296,245.9122,249.7357,56338.0,14010056.25
2024-04-05,250.2196,251.1392,246.977,248.5741,38045.0,9461141.05
2024-04-08,251.6716,251.6716,245.2346,247.0253,50891.0,12609346.7
2024-04-09,248.7677,249.2517,243.9279,245.8638,29715.0,7323685.75
2024-04-10,244.799,256.7534,244.799,254.8659,109279.0,27603974.25
2024-04-12,254.5755,256.947,248.4289,251.1876,71591.0,18003065.85
2024-04-15,245.8638,250.1712,238.7976,243.2019,42258.0,10291889.35
2024-04-16,241.9919,245.8638,239.1364,242.3791,37867.0,9184395.05
2024-04-18,244.8958,249.4453,243.2019,244.1214,37787.0,9282899.0
2024-04-19,243.9279,245.4282,239.7172,243.3955,24905.0,6044804.15
2024-04-22,243.9279,248.1869,243.9279,246.493,20307.0,5006309.0
2024-04-23,249.2517,255.2047,247.1221,254.0915,62326.0,15693717.95
2024-04-24,254.5271,258.5926,253.8979,255.4951,46381.0,11855893.85
2024-04-25,255.5435,256.8018,250.7036,251.4296,33928.0,8572802.65
2024-04-26,251.4296,257.4794,251.4296,252.1556,62255.0,15826429.55
2024-04-29,253.6075,256.221,251.6716,251.9136,24889.0,6296564.95
2024-04-30,253.9463,253.9463,246.8318,248.4289,39025.0,9756232.45
2024-05-02,246.8318,250.6552,245.8638,247.8965,30647.0,7596921.75
2024-05-03,248.7677,250.7036,242.0403,244.3634,44224.0,10847714.2
2024-05-06,244.5086,246.977,242.7663,244.3634,32707.0,8010567.9
2024-05-07,245.283,248.7193,240.6852,242.5727,37719.0,9212368.8
2024-05-08,242.4275,244.799,240.2012,243.1051,18527.0,4497599.9
2024-05-09,243.6375,244.4118,239.8624,240.5884,19414.0,4686149.95
2024-05-10,240.6368,242.1855,238.1684,239.4268,20977.0,5036828.75
2024-05-13,240.4432,240.5884,232.893,236.0389,47636.0,11271828.25
2024-05-14,236.5713,241.5563,236.3293,238.846,19048.0,4558374.4
2024-05-15,240.3464,251.4296,238.2168,249.5421,146619.0,36309726.0
2024-05-16,251.2844,251.5264,245.5734,246.8318,23016.0,5708344.35
2024-05-17,246.2994,250.0744,242.7179,248.1385,26410.0,6509756.15
2024-05-18,248.7193,252.6396,248.0901,251.6232,17845.0,4478764.3
2024-05-21,241.9919,245.7186,236.1841,240.0076,92231.0,22205270.1
2024-05-22,242.9599,242.9599,238.4588,240.1044,34810.0,8353456.0
2024-05-23,241.7015,242.1371,238.12,238.7008,37202.0,8896800.2
2024-05-24,239.088,239.6204,237.0553,237.2973,36852.0,8770749.6
2024-05-27,238.5072,238.5072,235.2161,235.9905,30836.0,7276818.35
2024-05-28,235.9905,236.6197,232.9414,233.5706,31035.0,7279272.45
2024-05-29,232.651,232.651,229.6503,231.1507,45142.0,10436023.9
2024-05-30,230.3763,232.409,229.4083,229.8439,31176.0,7183306.45
2024-05-31,232.3122,232.3606,228.5372,229.7471,24547.0,5645715.05
2024-06-03,234.2966,234.7322,229.4083,230.7635,35502.0,8204218.65
2024-06-04,230.7635,230.7635,218.2767,223.6973,89016.0,19970437.55
2024-06-05,220.6966,229.6019,220.6966,227.3756,47763.0,10782156.5
2024-06-06,228.2468,232.9898,228.0532,229.0212,43331.0,9980794.75
2024-06-07,230.0859,234.9742,229.0212,233.9094,31861.0,7442228.15
2024-06-10,236.9585,242.9115,235.2161,239.2429,68173.0,16269095.37
2024-06-11,239.088,244.6829,238.3233,242.4856,59053.0,14316776.03
2024-06-12,243.6859,243.9182,240.056,241.3047,42307.0,10228833.14
2024-06-13,241.9919,245.767,240.056,241.4789,43817.0,10595528.93
2024-06-14,242.6695,250.3164,242.3791,245.4669,85758.0,21184349.79
2024-06-18,251.3812,251.3812,244.8958,245.5347,30124.0,7419518.77
2024-06-19,246.8318,250.6068,242.0887,242.4759,69283.0,16972457.56
2024-06-20,243.3955,266.1814,242.5824,256.7437,502160.0,129635308.78
2024-06-21,257.915,264.1487,256.705,258.0892,128346.0,33349139.79
2024-06-24,255.195,261.2545,252.5331,259.3669,83719.0,21561666.64
2024-06-25,257.4794,260.9157,255.6403,256.4146,55022.0,14215173.72
2024-06-26,257.2858,258.0118,252.7364,254.1883,48878.0,12492581.06
2024-06-27,254.9627,256.405,248.5935,249.8034,31011.0,7811163.02
2024-06-28,250.994,251.1876,247.0447,248.1288,43763.0,10902143.58
2024-07-01,248.9129,256.6082,247.7997,254.2367,44228.0,11209684.15
2024-07-02,254.2367,263.7228,254.2367,262.3192,130795.0,34069244.8
2024-07-03,264.1584,268.9498,262.3192,264.4488,140773.0,37348052.45
2024-07-04,264.2552,264.2552,258.6894,259.2217,73322.0,19127298.85
2024-07-05,258.2538,262.3192,251.9136,254.7207,82777.0,21230664.2
2024-07-08,256.221,261.3029,252.7848,256.5598,64030.0,16448822.1
2024-07-09,256.5598,259.8025,251.72,253.3655,52575.0,13424313.9
2024-07-10,254.9627,255.2531,248.6225,251.5748,40754.0,10272742.0
2024-07-11,253.1235,265.9491,252.9784,258.5926,121928.0,31789905.05
2024-07-12,261.2545,266.0943,253.8979,257.2374,70857.0,18330531.0
2024-07-15,258.883,258.883,254.2367,256.1726,35976.0,9203269.2
2024-07-16,254.1883,260.3349,254.1883,255.0595,39151.0,10064631.9
2024-07-18,255.0595,255.6887,247.7997,249.0097,49113.0,12326526.7
2024-07-19,248.7677,249.6389,243.1535,244.6054,41017.0,10056343.45
2024-07-22,243.0567,251.3328,240.4432,249.0581,71833.0,17620384.3
2024-07-23,251.1876,252.5428,240.2012,246.5898,33463.0,8211369.6
2024-07-24,246.0574,254.5755,246.0574,252.204,45565.0,11442393.25
2024-07-25,251.72,258.4474,250.4132,254.9627,63761.0,16228873.15
2024-07-26,255.2531,257.915,252.7364,253.5591,40336.0,10298561.5
2024-07-29,255.5435,259.7541,252.3008,253.5107,62657.0,16047042.65
2024-07-30,253.6075,264.11,253.6075,258.8346,144584.0,37635069.0
2024-07-31,258.4474,265.9007,258.4474,261.3513,100577.0,26470870.45
2024-08-01,263.2872,263.2872,254.5755,255.3499,58774.0,15122996.7
2024-08-02,252.6396,262.5612,251.6716,259.2701,65309.0,16874046.35
2024-08-05,250.752,250.752,242.9599,245.041,102104.0,25137192.0
2024-08-06,246.8318,249.9777,238.4588,239.572,97060.0,23666983.85
2024-08-07,242.4759,258.4474,242.4759,256.5598,178495.0,44850124.0
2024-08-08,255.9307,260.2381,252.5428,253.5591,75264.0,19287490.75
2024-08-09,256.4146,257.0922,248.9613,250.9456,41225.0,10411201.95
2024-08-12,248.7677,256.9954,247.3641,251.9136,67182.0,17033411.0
2024-08-13,253.6075,256.6566,246.8318,248.3805,48947.0,12260287.2
2024-08-14,250.7036,250.7036,241.9919,244.1698,38504.0,9436237.45
2024-08-16,246.6382,247.8965,243.0083,246.4446,27777.0,6809191.95
2024-08-19,247.7513,262.7064,247.1221,258.399,192711.0,49662528.0
2024-08-20,259.9961,274.7092,259.7057,264.4972,292786.0,78538030.5
2024-08-21,264.4972,265.6103,260.3833,262.2224,70186.0,18438728.85
2024-08-22,264.11,272.7249,262.416,263.142,122048.0,32710559.45
2024-08-23,264.5456,265.0779,260.4317,261.0609,31799.0,8344480.8
2024-08-26,261.0609,268.127,260.8189,266.0943,160231.0,42236426.05
2024-08-27,266.1911,275.774,262.1256,269.6758,352233.0,95549984.0
2024-08-28,271.7085,273.7413,263.384,264.352,91346.0,24504327.9
2024-08-29,262.3192,265.2715,256.8986,258.5926,65985.0,17163176.3
2024-08-30,260.1897,261.3029,256.6082,258.4474,38047.0,9854516.75
2024-09-02,258.4474,260.0929,253.0751,254.9627,59279.0,15172862.35
2024-09-03,253.1235,257.0922,252.3492,254.8659,32704.0,8349798.0
2024-09-04,252.6396,257.673,252.5912,256.8986,32421.0,8286326.15
2024-09-05,258.4474,260.4801,255.5919,257.8182,32808.0,8449145.55
2024-09-06,258.3506,259.5121,251.9136,252.8816,39981.0,10176341.95
2024-09-09,251.7684,256.3178,249.1549,252.6396,50101.0,12656199.4
2024-09-10,254.5271,256.947,252.688,254.7691,38021.0,9696255.5
2024-09-11,256.221,261.1577,253.5107,254.6723,73173.0,18815118.3
2024-09-12,256.0274,257.1406,253.5107,254.3335,32577.0,8295897.4
2024-09-13,254.8175,260.3349,254.1399,255.3499,51772.0,13308177.6
2024-09-16,257.0922,277.8067,255.5919,270.4986,566725.0,153564710.2
2024-09-17,272.6281,285.5021,266.2395,280.5654,803373.0,224823665.3
2024-09-18,280.759,288.7448,272.4829,274.564,628289.0,176660955.15
2024-09-19,276.3064,279.9846,261.6417,267.9335,215060.0,58075538.65
2024-09-20,268.8046,272.7733,266.3363,268.2238,114856.0,30927418.9
2024-09-23,273.8865,276.8388,270.063,270.9342,121227.0,33139740.7
2024-09-24,270.9342,275.7256,268.5142,270.305,95759.0,25972979.1
2024-09-25,270.4502,274.806,267.1107,268.9982,63945.0,17320578.9
2024-09-26,269.7726,271.3213,264.3036,264.9812,36099.0,9619671.75
2024-09-27,268.2722,271.9021,262.8032,264.5456,51734.0,13828254.9
2024-09-30,263.9648,265.2231,257.0438,262.174,60232.0,15740252.4
2024-10-01,262.9968,267.3527,262.3676,265.5619,50612.0,13396586.65
2024-10-03,263.626,264.1584,252.2524,256.0274,129979.0,33443698.4
2024-10-04,255.5435,258.641,249.7357,251.2844,67139.0,17041073.45
2024-10-07,252.2524,254.4303,241.6047,242.5243,69960.0,17176589.95
2024-10-08,243.7343,253.5107,241.5563,250.5584,53360.0,13205623.9
2024-10-09,250.7036,257.4794,250.7036,253.6559,46584.0,11872938.6
2024-10-10,255.0595,258.1086,251.7684,252.204,39207.0,9974985.65
2024-10-11,252.0588,253.5107,249.3485,251.2844,40839.0,10256218.3
2024-10-14,252.204,254.3819,248.8161,250.5584,32475.0,8144717.4
2024-10-15,251.5264,252.446,246.9286,247.8965,28486.0,7095393.1
2024-10-16,246.9286,251.1876,246.9286,249.6389,29304.0,7299037.0
2024-10-17,250.5584,250.5584,245.0894,245.9606,26292.0,6512167.5
2024-10-18,245.9606,253.9947,242.1371,250.026,37784.0,9314723.95
2024-10-21,250.026,251.236,241.6531,242.6695,36691.0,8973727.35
2024-10-22,244.4118,244.4118,230.7151,232.6026,66268.0,15614723.65
2024-10-23,233.2802,236.3777,230.6667,232.893,32313.0,7563787.7
2024-10-24,234.0546,237.1521,232.0219,236.3293,28595.0,6709177.1
2024-10-25,236.3293,237.4425,227.4724,231.3443,48751.0,11259544.75
2024-10-28,231.3443,240.54,228.7792,237.7329,29280.0,6868931.05
2024-10-29,237.7329,237.7329,232.8446,235.7969,24759.0,5824265.7
2024-10-30,236.1841,242.6211,234.5386,238.9428,52384.0,12518608.05
2024-10-31,240.1528,241.6047,236.9585,240.1044,18026.0,4312708.8
2024-11-01,241.1207,243.9182,240.8788,242.9115,10628.0,2575106.9
2024-11-04,243.4439,243.4439,237.2489,238.5944,15409.0,3687151.44
2024-11-05,240.3851,242.3597,236.3971,239.7656,32408.0,7738232.82
2024-11-06,240.7336,246.8318,237.9168,245.1088,31649.0,7683010.54
2024-11-07,245.1088,246.5317,240.2205,241.779,24753.0,6025192.24
2024-11-08,241.4111,241.8564,238.2168,239.4268,12991.0,3114860.08
2024-11-11,239.4268,239.4268,234.2482,234.616,18656.0,4402132.8
2024-11-12,236.9391,237.5296,230.3763,232.109,22806.0,5334347.94
2024-11-13,232.3122,234.0352,221.229,223.9684,61312.0,13959179.7
2024-11-14,224.3749,229.389,223.5909,225.8656,17987.0,4074563.46
2024-11-18,227.4627,227.4627,221.9066,223.949,26634.0,5955887.05
2024-11-19,224.5685,227.3659,223.7941,224.2297,16339.0,3681812.75
2024-11-21,226.456,226.456,219.7287,220.7353,34633.0,7673112.13
2024-11-22,222.3906,225.4881,218.5768,221.4516,25828.0,5742515.59
2024-11-25,226.5044,226.5044,219.3221,220.6482,42707.0,9474635.96
2024-11-26,222.3422,227.424,221.6936,224.3459,16402.0,3659886.12
2024-11-27,224.5395,228.8179,224.0845,225.6429,24469.0,5537089.71
2024-11-28,226.8916,231.6347,225.6333,227.7628,23634.0,5406562.83
2024-11-29,227.908,236.5713,226.5044,234.7031,33414.0,7761367.7
2024-12-02,235.6033,235.6033,229.4083,231.9347,23740.0,5506867.85
2024-12-03,232.7962,237.1134,231.5379,234.6063,25438.0,5979691.41
2024-12-04,233.4254,236.0389,232.3219,233.8223,20439.0,4784468.86
2024-12-05,234.6838,236.1841,233.2899,233.7836,21060.0,4941187.52
2024-12-06,234.645,235.1871,232.3219,233.5512,26368.0,6153205.32
2024-12-09,234.2482,240.0269,231.354,234.9838,46039.0,10900511.04
2024-12-10,236.5713,236.5713,233.2415,234.0546,19219.0,4505004.36
2024-12-11,233.4738,241.024,232.8059,238.4879,48500.0,11453405.56
2024-12-12,238.5944,238.7976,234.2482,234.7902,22547.0,5317476.78
2024-12-13,233.7642,234.7128,230.3763,233.2899,27249.0,6329108.19
2024-12-16,234.1901,235.0226,225.5074,227.424,73227.0,16724915.53
2024-12-17,227.908,229.418,225.6333,226.8529,23258.0,5293979.94
2024-12-18,226.8529,227.7628,223.1165,224.3362,25386.0,5719669.85
2024-12-19,222.6326,225.701,221.4323,224.9557,23466.0,5256932.88
2024-12-20,223.7554,225.4397,220.6966,221.5,30644.0,6824977.26
2024-12-23,222.7778,222.7874,218.6833,220.716,23913.0,5276602.87
2024-12-24,220.6966,222.71,219.6899,220.2707,20988.0,4638540.09
2024-12-26,221.2193,221.3742,212.7593,217.1829,49175.0,10687466.52
2024-12-27,217.7927,219.6803,216.9796,218.9543,20435.0,4467241.02
2024-12-30,218.9543,222.439,215.8568,218.209,23611.0,5161457.92
2024-12-31,217.2119,219.9416,215.9149,218.751,17999.0,3920621.59
2025-01-01,216.9312,224.5782,216.9312,223.8232,27324.0,6083219.59
2025-01-02,222.6326,227.3756,222.3325,223.5521,18989.0,4258208.72
2025-01-03,224.0361,227.2691,222.1389,223.5134,30893.0,6934256.54
2025-01-06,223.6199,225.7494,214.8888,215.6632,27347.0,6000198.28
2025-01-07,215.6632,219.719,215.6632,217.4733,16508.0,3592872.27
2025-01-08,214.6565,218.5574,214.4048,214.9469,23406.0,5053508.01
2025-01-09,214.4048,234.829,214.4048,222.2647,139956.0,31740395.66
2025-01-10,222.6326,223.3973,213.2433,215.0147,31669.0,6910063.92
2025-01-13,211.9752,214.763,203.5249,204.8026,48676.0,10221934.55
2025-01-14,204.2412,209.081,204.2315,206.6224,27998.0,5778996.86
2025-01-15,208.5002,212.9529,208.113,210.5814,17225.0,3625024.49
2025-01-16,209.6134,217.0184,209.6134,214.9759,25865.0,5530648.85
2025-01-17,212.9529,218.48,212.2269,214.5113,18015.0,3867610.04
2025-01-20,214.9372,217.6959,214.5016,215.4793,12428.0,2683781.71
2025-01-21,215.7116,218.751,210.6298,211.8494,17684.0,3784803.91
2025-01-22,211.017,211.9849,206.1674,209.2746,19572.0,4090507.75
2025-01-23,208.8681,211.9849,208.5099,210.4846,14055.0,2960336.07
2025-01-24,211.4041,211.9559,204.5896,206.1287,19203.0,3990711.43
2025-01-27,205.2091,205.6738,198.4334,201.9084,47519.0,9589204.76
2025-01-28,201.9084,202.9731,195.5295,199.5078,26999.0,5366104.0
2025-01-29,200.8533,205.1995,199.2271,202.0439,18141.0,3679316.51
2025-01-30,201.3373,208.597,201.3373,204.1541,17745.0,3643580.13
2025-01-31,205.6835,211.017,203.9895,208.7906,16011.0,3317279.3
2025-02-01,209.8941,212.9529,207.7743,209.081,13393.0,2809020.54
2025-02-03,206.6611,211.2589,202.7989,207.116,19784.0,4109630.39
2025-02-04,208.113,211.8881,205.2479,207.1257,15642.0,3251019.87
2025-02-05,208.113,213.3207,208.113,211.3557,20549.0,4336843.77
2025-02-06,211.8397,212.9529,209.4779,212.4302,12724.0,2687175.76
2025-02-07,212.8561,214.1532,205.7899,208.3841,17714.0,3731117.74
2025-02-10,209.9425,209.9425,206.0513,207.5419,13447.0,2793108.42
2025-02-11,207.6291,207.6291,196.8846,198.2495,24097.0,4831739.23
2025-02-12,198.2495,202.3052,189.1796,200.108,32364.0,6341547.07
2025-02-13,212.9529,224.0845,205.3059,214.7339,193482.0,42122554.92
2025-02-14,216.244,216.244,195.2391,198.3753,82367.0,16682906.6
2025-02-17,198.4334,203.641,197.9494,201.0082,47028.0,9413941.71
2025-02-18,200.8533,201.9181,195.21,197.9203,30935.0,6103222.99
2025-02-19,197.4654,202.5763,194.8616,200.65,27071.0,5406772.04
2025-02-20,201.1921,205.1995,197.8816,202.5085,23739.0,4781817.37
2025-02-21,203.4668,204.6768,197.5622,199.0819,21116.0,4239588.62
2025-02-24,200.3693,200.3693,194.3679,196.904,20046.0,3949305.12
2025-02-25,196.4974,199.1206,192.7708,196.6523,27329.0,5382971.31
2025-02-27,196.6523,197.8042,190.6896,192.5772,21537.0,4175959.39
2025-02-28,193.1579,197.8429,181.9779,184.8431,71355.0,13337844.41
2025-03-03,185.8498,188.7537,176.1895,177.8834,71857.0,12928348.83
2025-03-04,177.2833,181.5714,175.5022,176.6928,52920.0,9420449.96
2025-03-05,178.4448,184.8818,177.051,182.4522,42575.0,7776869.12
2025-03-06,184.2526,188.0664,183.9623,184.6108,47705.0,8843606.11
2025-03-07,187.0598,188.502,183.4976,185.1819,50182.0,9312034.82
2025-03-10,184.8721,186.5564,182.9459,183.5364,34867.0,6449798.48
2025-03-11,181.2519,181.6875,175.1731,175.9862,48501.0,8619366.52
2025-03-12,176.1701,177.1381,174.2342,175.4441,45526.0,8003894.57
2025-03-13,176.1701,177.1381,174.331,174.5826,25238.0,4422761.45
2025-03-17,174.7182,175.6861,169.3943,169.6557,41187.0,7083756.12
2025-03-18,172.2014,175.7732,170.0719,171.6594,53707.0,9216637.71
2025-03-19,174.1374,180.0517,164.5545,169.3266,153998.0,26573838.88
2025-03-20,170.3623,174.1374,169.3943,169.9751,98769.0,16884578.37
2025-03-21,170.2655,174.2342,169.9751,173.4501,91502.0,15855613.03
2025-03-24,173.7502,179.9355,173.7502,174.9989,99475.0,17608951.26
2025-03-25,175.8797,178.1061,169.7235,170.3236,90110.0,15671074.26
2025-03-26,171.6207,173.2565,164.5642,164.9223,90101.0,15131289.96
2025-03-27,167.4487,168.4264,161.8926,162.5702,130804.0,21474328.86
2025-03-28,163.5865,169.3847,159.4727,160.3438,123583.0,20113540.1
2025-04-01,159.7147,168.2812,159.705,166.5582,54058.0,8953811.57
2025-04-02,166.4904,170.2655,163.0154,169.6363,34080.0,5697796.4
2025-04-03,167.2648,174.2245,167.2551,173.1791,56013.0,9615476.16
2025-04-04,173.6534,173.6534,166.4904,167.7391,42609.0,7195234.73
2025-04-07,155.9299,163.4994,154.8748,162.5895,43776.0,6976872.62
2025-04-08,169.3943,169.3943,162.6186,167.6326,36617.0,6044580.24
2025-04-09,167.6326,169.7331,162.8606,167.923,33026.0,5510276.01
2025-04-11,170.5075,182.3361,170.3623,178.0964,104103.0,18537470.89
2025-04-15,179.558,187.2921,178.7352,186.024,50930.0,9332613.99
2025-04-16,186.8178,188.3181,183.4396,185.7724,36361.0,6747044.48
2025-04-17,185.8498,191.3769,182.9459,188.6956,37291.0,7012156.33
2025-04-21,189.9637,190.9316,187.8728,189.983,32297.0,6116397.04
2025-04-22,189.983,196.9814,187.9309,194.7357,52050.0,10035104.96
2025-04-23,196.4006,203.2732,194.1453,200.1757,74647.0,14894512.1
2025-04-24,202.0149,202.4988,197.6687,201.4728,28432.0,5698655.93
2025-04-25,201.4825,202.2956,188.8505,194.0872,55012.0,10616448.53
2025-04-28,191.706,193.5935,188.8118,190.6993,25889.0,4951193.83
2025-04-29,192.6256,194.7454,187.8922,188.7537,22877.0,4362348.41
2025-04-30,188.1245,189.7313,183.9235,185.1916,32043.0,5993447.24
2025-05-02,184.8818,188.7537,183.6719,185.7627,13715.0,2548781.93
2025-05-05,185.7627,188.6569,183.517,187.1469,18612.0,3469338.83
2025-05-06,186.7887,189.3151,180.9616,181.5133,26080.0,4820637.52
2025-05-07,181.5327,183.6138,178.7739,181.823,15744.0,2849058.88
2025-05-08,184.3978,187.0985,181.2035,183.033,19356.0,3565831.23
2025-05-09,181.8811,181.8811,175.1054,179.1999,17969.0,3195968.55
2025-05-12,183.0427,191.6576,183.0427,189.6442,23016.0,4348923.71
2025-05-13,191.6576,209.1004,191.1639,204.8316,237603.0,48306054.8
2025-05-14,206.1771,216.3408,204.8413,211.9656,118784.0,25173156.0
2025-05-15,205.3059,205.3059,196.0135,200.3209,144898.0,28924662.72
2025-05-16,202.2956,207.6968,199.0142,201.8019,57325.0,11617783.4
2025-05-19,203.0796,204.5993,198.4334,199.624,36706.0,7370143.55
2025-05-20,199.8756,201.3373,194.2711,194.9487,38199.0,7551721.96
2025-05-21,196.8846,197.4654,192.3933,192.9837,34452.0,6687029.25
2025-05-22,193.6903,194.5615,190.8929,192.8482,29424.0,5678871.81
2025-05-23,190.9316,196.0812,190.9316,191.677,35096.0,6779904.82
2025-05-26,193.5935,193.9033,188.8021,190.2928,35411.0,6758207.14
2025-05-27,188.9473,194.7454,188.9473,193.5161,35378.0,6787926.41
2025-05-28,193.5935,194.8325,191.8996,192.3158,12928.0,2501904.12
2025-05-29,192.6256,194.2711,189.7217,190.5251,24565.0,4702254.83
2025-05-30,189.7217,192.6933,189.5765,190.4476,22964.0,4383340.12
2025-06-02,190.6896,197.4654,188.5117,193.8065,49197.0,9541944.86
2025-06-03,193.5935,198.4334,192.6159,193.3806,42530.0,8296464.62
2025-06-04,193.1386,194.7551,191.6576,192.7611,32939.0,6352366.59
2025-06-05,191.6576,196.4974,190.8929,192.732,46914.0,9076598.35
2025-06-06,193.5935,195.3359,192.0448,193.5548,11739.0,2269587.87
2025-06-09,194.5615,199.2561,187.7857,194.9003,99962.0,19496989.78
2025-06-10,196.0135,196.8459,194.0388,196.0812,26141.0,5120066.23
2025-06-11,196.4974,202.3149,193.7,198.2688,63566.0,12695073.33
2025-06-12,199.2077,199.8853,190.8058,193.8839,30694.0,5973379.63
2025-06-13,192.1416,192.5384,189.3151,191.2123,23270.0,4450827.43
2025-06-16,190.2637,194.5325,187.9793,190.6896,26028.0,4950148.02
2025-06-17,191.1252,194.5325,188.9376,190.3315,27005.0,5181051.25
2025-06-18,189.7217,191.0671,186.2854,187.0791,23198.0,4360370.81
2025-06-19,187.0791,190.1863,182.0747,183.062,36500.0,6743805.57
2025-06-20,183.6235,185.8401,182.3361,183.8945,26876.0,4941097.88
2025-06-23,185.3174,185.3174,181.794,184.2914,17403.0,3196527.23
2025-06-24,187.2533,189.228,185.8498,186.2951,24884.0,4651866.35
2025-06-25,188.1729,195.9167,186.5951,191.4446,59054.0,11333688.63
2025-06-26,193.0612,197.9494,191.7931,196.7104,54699.0,10712675.58
2025-06-27,197.4654,197.8623,194.155,195.21,27040.0,5309373.42
2025-06-30,195.5295,197.1653,192.0545,194.0969,29674.0,5764727.98
2025-07-01,195.0455,195.9747,191.2317,192.3642,18610.0,3598778.86
2025-07-02,192.3352,195.6843,192.3352,192.9353,16098.0,3114655.47
2025-07-03,192.9353,194.9197,191.3769,192.4997,17398.0,3361825.95
2025-07-04,192.8676,195.907,191.7641,192.4804,16670.0,3219074.42
2025-07-07,192.4804,195.0261,191.706,192.7901,20816.0,4017785.72
2025-07-08,193.4967,194.3969,188.7537,190.3218,20885.0,4002585.74
2025-07-09,190.5928,193.0999,190.3218,190.7284,16934.0,3240781.85
2025-07-10,192.4707,195.0455,189.3345,191.5802,14089.0,2690009.32
2025-07-11,190.6896,192.4417,187.0694,188.5504,20581.0,3899830.52
2025-07-14,187.7857,190.1766,186.7984,187.1275,25690.0,4825667.74
2025-07-15,186.9146,190.1089,186.9146,187.6696,15254.0,2867788.61
2025-07-16,187.6405,202.2568,187.6405,201.0372,176705.0,34853195.8
2025-07-17,203.2732,228.7308,202.3052,220.503,942422.0,205552242.68
2025-07-18,220.6966,230.3763,217.7927,224.6363,264829.0,59422866.9
2025-07-21,224.0845,226.427,219.7383,220.6192,65468.0,14595300.36
2025-07-22,220.4546,223.6005,211.1137,213.2239,103586.0,22454851.81
2025-07-23,214.1144,216.8248,209.1875,210.8718,50289.0,10681938.96
2025-07-24,211.7913,215.7116,208.0453,209.0036,46556.0,9842588.64
2025-07-25,208.7906,209.6521,204.2412,204.9284,29760.0,6146980.22
2025-07-28,204.9284,208.113,200.5629,203.6894,30466.0,6217093.78
2025-07-29,202.2472,205.2091,202.0245,203.9314,29965.0,6108693.02
2025-07-30,205.6931,227.3756,205.6931,223.3295,760963.0,169342551.08
2025-07-31,222.4293,244.6538,217.8798,236.126,1659050.0,391317782.9
2025-08-01,238.0039,241.4983,222.6326,224.7815,214535.0,49706306.64
2025-08-04,224.6363,246.8318,222.1292,230.3473,354947.0,83754487.57
2025-08-05,229.4083,237.1521,225.5365,230.8119,180211.0,41767382.36
2025-08-06,230.8119,233.3673,211.8397,222.3906,254801.0,56289969.26
2025-08-07,220.6966,228.3242,215.8568,216.8344,166925.0,36935999.13
2025-08-08,217.8411,226.3108,217.8411,220.7353,71880.0,15924394.74
2025-08-11,234.7322,234.7322,219.5447,222.6713,168472.0,38324962.24
2025-08-12,222.6713,227.424,219.8642,221.3258,88864.0,19822617.52
2025-08-13,219.4383,226.456,219.4383,220.4159,36905.0,8215184.99
2025-08-14,220.4159,222.3422,215.2567,216.8054,21912.0,4798197.17
2025-08-18,217.9863,219.8061,214.7049,215.9052,37143.0,8034686.63
2025-08-19,216.9216,226.3786,215.7987,223.2327,77506.0,17262475.22
2025-08-20,225.0041,225.5365,217.2894,221.6259,47362.0,10487141.52
2025-08-21,222.5358,224.2394,218.0347,219.448,26523.0,5846860.35
2025-08-22,219.7287,221.1709,216.8248,219.6125,36005.0,7863829.07
2025-08-25,218.8091,220.0481,214.6759,215.489,30021.0,6481701.56
2025-08-26,213.9693,217.7443,206.1771,208.5099,27426.0,5788935.62
2025-08-28,208.5099,208.5099,200.3693,201.9761,48315.0,9869258.99
2025-08-29,201.8213,211.2009,199.5949,202.131,36461.0,7480157.11
2025-09-01,200.1273,205.5963,200.1273,202.0439,36243.0,7360360.5
2025-09-02,203.0796,211.7429,201.5405,210.1555,38685.0,8015883.97
2025-09-03,210.775,210.9008,205.4124,207.4064,35751.0,7441142.78
2025-09-04,208.113,208.4034,203.2732,203.854,18743.0,3851206.7
2025-09-05,204.5316,206.7966,200.3693,201.6567,23939.0,4846785.57
2025-09-08,203.6604,204.2799,199.8853,200.3693,36763.0,7400218.16
2025-09-09,203.2248,226.456,200.7275,219.5544,179908.0,38899227.13
2025-09-10,223.8619,246.8318,220.7934,241.5951,1174318.0,280742904.78
2025-09-11,240.056,250.7036,227.9564,229.3793,476447.0,114861824.69
2025-09-12,230.3763,236.9198,229.9504,232.1283,112298.0,26217258.67
2025-09-15,232.109,239.088,226.0301,230.9958,100401.0,23296605.44
2025-09-16,231.0539,235.8453,227.9661,229.1083,48132.0,11141898.96
2025-09-17,229.1083,234.5966,227.4724,228.5759,55991.0,12911409.42
2025-09-18,228.6436,236.1841,227.4724,227.8983,37950.0,8740535.11
2025-09-19,229.0308,229.2922,221.8582,222.9617,48804.0,10984716.02
2025-09-22,225.0428,257.8569,223.3101,250.452,2874322.0,721107692.97
2025-09-23,253.3075,255.8339,238.7976,245.4863,403734.0,100121954.98
2025-09-24,243.9279,247.3157,236.2906,238.1684,197736.0,47967527.81
2025-09-25,238.12,285.5505,236.6778,274.2156,19439573.0,5332369039.0
2025-09-26,267.1591,272.9669,253.7043,256.9373,2715462.0,715080317.68
2025-09-29,256.9954,258.9894,247.8094,250.3261,616309.0,155273471.6
2025-09-30,251.5748,269.579,250.026,260.2478,1665429.0,432442076.99
2025-10-01,260.3833,260.4317,252.204,253.8495,288003.0,73507782.9
2025-10-03,255.2531,266.7719,252.1556,260.9157,744568.0,194286037.85
2025-10-06,263.2872,279.0651,257.6246,268.127,1323162.0,355789050.15
2025-10-07,266.9171,273.9832,261.5933,266.7235,727353.0,194472102.75
2025-10-08,267.1591,276.8388,264.6424,267.3043,688640.0,185665667.95
2025-10-09,268.7078,268.9498,253.6075,254.6723,420885.0,108984276.9
2025-10-10,255.5435,261.1577,252.688,255.7855,227373.0,58415832.25
2025-10-13,255.2531,271.9505,248.0901,261.6417,792258.0,207786568.9
2025-10-14,263.2388,263.384,253.1235,257.1406,159053.0,40995088.75
2025-10-15,258.399,269.095,254.5755,264.2068,391113.0,102844452.3
2025-10-16,265.1747,265.3683,257.5762,259.6573,177423.0,46395487.0
2025-10-17,258.4474,259.2701,253.7043,254.8659,132182.0,33849816.55
2025-10-20,255.5435,255.6403,249.3969,251.1392,123542.0,31084097.1
2025-10-21,251.1392,256.5114,249.3001,254.1883,35303.0,8933333.3
2025-10-23,254.0915,254.9143,240.3948,243.3955,265692.0,65736041.0
2025-10-24,244.6538,244.8958,238.604,240.2012,126717.0,30576088.1
2025-10-27,243.7827,249.1549,237.6845,239.1848,127533.0,30628752.15
2025-10-28,239.572,240.1044,236.8617,238.4104,65263.0,15563818.2
2025-10-29,238.8944,246.493,237.6845,244.073,120379.0,29188342.9
2025-10-30,246.6382,246.6382,240.1528,240.9272,71824.0,17400439.95
2025-10-31,241.4111,245.5734,234.2966,237.2973,75608.0,18169354.1
2025-11-03,235.6033,237.8587,234.0643,235.9905,58463.0,13800051.4
2025-11-04,235.9905,239.5623,234.587,236.0292,66234.0,15688513.81
2025-11-06,235.9905,236.1841,223.8425,224.9654,106722.0,24337100.01
2025-11-07,222.923,240.3464,222.5454,229.9794,232951.0,54312897.93
2025-11-10,231.0539,231.9154,223.9296,226.1172,60258.0,13722086.4
2025-11-11,227.2788,229.4083,223.6102,226.156,45014.0,10154781.76
2025-11-12,227.3756,230.87,226.4948,227.937,50207.0,11496516.35
2025-11-13,228.4404,240.6658,227.424,235.1,95267.0,22414012.37
2025-11-14,232.9898,236.61,228.4404,229.8923,44905.0,10469833.9
2025-11-17,227.4724,228.5662,222.1486,222.981,85109.0,19077871.53
2025-11-18,222.981,232.3122,222.439,228.9728,80524.0,18371639.69
2025-11-19,226.9013,228.9824,220.9386,222.6229,40894.0,9197762.9
2025-11-20,223.6005,226.3786,216.3408,217.3862,62812.0,13857034.13
2025-11-21,218.2767,218.2767,210.9202,212.1398,68037.0,14575972.4
2025-11-24,209.3714,213.0981,208.113,208.3454,36855.0,7725353.07
2025-11-25,209.4682,212.9529,207.6291,209.1972,45266.0,9510073.21
2025-11-26,210.1458,217.7927,210.078,216.3698,42500.0,9087914.75
2025-11-27,216.8248,219.022,211.9946,216.1278,42359.0,9126661.82
2025-11-28,217.3087,217.3571,212.8561,213.3594,18127.0,3888549.99
2025-12-01,214.5016,217.6959,211.5203,212.9045,34462.0,7378786.22
2025-12-02,212.9045,213.0884,204.8704,206.5449,49489.0,10292695.35
2025-12-03,206.1771,208.6067,203.2732,203.5249,43478.0,8916518.28
2025-12-04,204.6284,205.9835,197.8236,199.624,37247.0,7506675.82
2025-12-05,200.6597,200.6597,193.8646,195.0745,31148.0,6136540.22
2025-12-08,195.152,197.6493,189.7217,191.8802,78760.0,15189000.19
2025-12-09,191.8802,200.166,188.6375,196.2264,58534.0,11346499.54
2025-12-10,197.2718,199.4013,191.6576,192.7901,28463.0,5544990.28
2025-12-11,193.7871,197.4364,190.6122,194.4744,24058.0,4647694.19
2025-12-12,193.6032,196.8846,193.2935,195.1229,27428.0,5343216.09
2025-12-15,193.3031,198.3366,193.3031,196.4587,41075.0,8044901.83
2025-12-16,195.8199,197.4654,193.8065,195.5391,23294.0,4552934.18
2025-12-17,196.5942,196.5942,190.7864,191.5802,32323.0,6228924.16
2025-12-18,192.6256,192.6256,189.2764,191.2123,20242.0,3863471.69
2025-12-19,191.6576,199.4013,191.0187,195.694,28713.0,5552664.6
2025-12-22,196.691,197.6106,194.5712,195.4133,19884.0,3896619.49
2025-12-23,196.4006,200.3596,195.1036,196.5555,34127.0,6736889.91
2025-12-24,197.5622,198.6754,193.6032,194.968,18958.0,3725646.83
2025-12-26,193.5935,196.9814,191.6673,194.213,22284.0,4320142.82
2025-12-29,194.5615,195.0261,190.6896,192.3545,15854.0,3054035.28
2025-12-30,193.3999,194.6583,190.3799,191.8512,18751.0,3594600.12
2025-12-31,192.8192,200.8533,191.6576,196.8556,36058.0,7096440.42
2026-01-01,197.8526,210.4846,194.9584,205.3059,100564.0,20527117.94
2026-01-02,206.1674,206.4772,200.5629,201.376,31091.0,6289327.95
2026-01-05,201.376,201.376,194.0872,197.1169,33215.0,6539985.62
2026-01-06,197.1169,197.1169,192.1416,193.671,30873.0,5990828.82
2026-01-07,194.6583,197.0492,191.8028,193.9033,26783.0,5222760.96
2026-01-08,192.1997,194.7454,189.2377,189.8765,23972.0,4585557.42
2026-01-09,190.8832,193.0128,181.281,183.5751,51421.0,9585231.52
2026-01-12,181.8811,184.485,177.2639,180.9035,40873.0,7365757.77
2026-01-13,181.0003,186.3725,176.9445,178.7256,39707.0,7144609.32
2026-01-14,179.6548,181.0003,175.4925,177.4478,42530.0,7550799.32
2026-01-16,178.1061,180.042,176.1701,177.9802,40564.0,7223752.88
2026-01-19,177.2349,178.0577,174.2342,174.6794,24129.0,4240225.29
2026-01-20,174.7085,175.0473,169.375,170.4688,30071.0,5148019.68
2026-01-21,168.3296,170.3526,162.5315,165.9193,47377.0,7827449.34
2026-01-22,166.7808,171.3303,164.4577,170.5656,18402.0,3108662.51
2026-01-23,170.643,171.5529,162.6186,164.3416,28786.0,4783775.26
2026-01-27,164.5448,174.2342,159.705,163.4801,36031.0,5858757.88
2026-01-28,163.4801,171.3303,163.4801,168.5619,44225.0,7425298.33
2026-01-29,167.5552,172.0853,165.2514,167.7294,29781.0,4991716.47
2026-01-30,167.4584,175.1054,164.8062,173.1404,40781.0,6934460.6
2026-02-01,171.5239,182.8007,169.1717,172.6564,32120.0,5652012.4
2026-02-02,172.2982,175.0086,164.3706,170.7011,26964.0,4524047.1
2026-02-03,176.1701,182.9459,175.086,176.4992,36133.0,6395468.54
2026-02-04,176.1701,180.526,175.2118,179.5193,24918.0,4455567.47
2026-02-05,179.1224,182.9459,176.5573,177.7963,22297.0,3971475.12
2026-02-06,178.2416,178.6675,169.646,174.4375,32156.0,5651675.23
2026-02-09,177.0413,182.3554,177.0413,180.7099,33572.0,6067720.05
2026-02-10,182.9459,183.9139,180.6324,182.0747,29502.0,5386932.39
2026-02-11,181.9779,183.8848,178.1061,181.0487,25847.0,4673939.05
2026-02-12,179.3644,181.9779,177.2349,179.8968,37622.0,6759500.14
2026-02-13,175.2021,175.3957,168.4167,169.888,62395.0,10633917.48
2026-02-16,170.7495,170.9237,164.8449,166.9357,50654.0,8445951.12
2026-02-17,167.0809,172.2014,167.0712,170.1784,15855.0,2690205.44
2026-02-18,171.3206,172.3079,167.7585,170.1978,22225.0,3777287.66
2026-02-19,168.62,172.4434,165.5225,166.2968,19034.0,3201142.83
2026-02-20,166.1033,168.891,163.2961,164.2932,31259.0,5168035.25
2026-02-23,165.4257,166.4808,159.434,161.8345,32355.0,5247316.34
2026-02-24,162.7154,163.5672,157.7787,158.4369,28056.0,4486304.37
2026-02-25,158.5047,161.0021,155.0684,156.4526,38305.0,6062324.6
2026-02-26,157.2851,160.4503,156.1332,157.4303,25923.0,4095799.09
2026-02-27,155.8718,160.6826,154.9039,159.221,34860.0,5508854.24
2026-03-02,155.9396,157.1496,153.1518,154.1682,37593.0,5815892.57
2026-03-04,154.8748,155.7073,149.4058,152.997,49662.0,7564218.91
2026-03-05,152.058,159.3372,149.2219,155.0394,48593.0,7403167.96
2026-03-06,155.746,157.2463,149.8511,152.0387,32804.0,4997538.03
2026-03-09,150.035,151.9419,146.1341,148.2539,44381.0,6561853.19
2026-03-10,149.067,153.4229,148.2539,152.4936,35336.0,5342306.73
2026-03-11,152.4936,158.0594,149.3671,151.7386,55405.0,8547294.15
2026-03-12,151.9709,153.8101,148.3798,150.4125,53170.0,8042414.23
2026-03-13,150.1318,153.8585,143.4431,146.5309,72515.0,10640089.8
2026-03-16,146.1631,147.6151,141.8073,145.0596,38784.0,5611624.65
2026-03-17,145.7759,147.1214,141.9621,143.0947,32801.0,4725190.21
2026-03-18,143.84,149.067,143.2883,146.347,78843.0,11534093.69
2026-03-19,145.0016,147.4699,141.4782,142.5042,57173.0,8265610.77
2026-03-20,143.2592,147.0924,141.2749,141.8653,57842.0,8290896.61
2026-03-23,140.6457,142.2525,133.2795,134.441,70796.0,9623366.23
2026-03-24,139.0873,139.0873,132.1373,135.8349,64119.0,8675286.46
2026-03-25,134.0732,143.2592,134.0732,136.1059,125554.0,17470876.01
2026-03-27,135.409,137.3933,129.0011,129.7561,117352.0,15397705.27
2026-03-30,129.3205,130.4433,120.996,121.8865,112834.0,14001068.12
2026-04-01,127.7717,136.4834,125.3518,135.3896,69818.0,9304707.2
2026-04-02,130.6756,137.6063,128.7978,135.5639,40222.0,5382118.23
2026-04-06,135.5155,139.8423,134.1797,138.9614,37993.0,5225135.05
2026-04-07,140.2876,140.6263,135.6123,139.2034,22750.0,3170048.98
2026-04-08,143.2592,147.6054,141.3233,145.0403,52601.0,7607860.2
2026-04-09,146.7439,148.0991,142.6107,143.7819,26023.0,3762501.7
2026-04-10,143.7819,150.035,143.7819,148.2055,41277.0,6115460.97
2026-04-13,145.1952,148.8637,142.2912,146.5116,43838.0,6420705.95
2026-04-15,148.9702,154.2456,148.9702,152.9292,72902.0,11096456.84
2026-04-16,153.9069,156.9947,150.5383,153.0744,42022.0,6424038.13
2026-04-17,151.9709,159.0855,151.0223,157.982,89504.0,13963453.09
2026-04-20,155.3588,157.3915,153.9069,154.2553,23602.0,3664243.22
2026-04-21,156.7043,157.1979,154.8748,155.2717,18408.0,2864580.43
2026-04-22,153.3745,159.8115,152.755,159.25,29006.0,4581611.06
2026-04-23,159.8115,159.8115,155.0491,156.5785,20278.0,3193883.8
2026-04-24,155.6105,157.1302,151.4966,153.0066,20978.0,3215969.62
2026-04-27,151.6321,157.7303,151.6321,157.0237,16141.0,2525035.37
2026-04-28,158.5531,158.6499,155.3588,156.6462,17016.0,2673822.36
2026-04-29,158.6499,158.6499,152.9486,153.8778,31045.0,4820528.99
2026-04-30,151.9806,156.6075,151.9709,155.6782,18272.0,2817987.73
2026-05-04,155.6782,159.9567,154.2553,156.2784,32663.0,5145837.19
2026-05-05,154.2553,158.6983,154.2553,156.6462,21580.0,3381223.04
2026-05-06,156.6462,165.0385,156.6462,164.2157,80443.0,13068981.31
2026-05-07,162.909,167.41,161.7571,165.0675,64642.0,10658057.85
2026-05-08,165.1353,178.532,162.7444,172.7629,194938.0,33716610.66
2026-05-11,172.7629,172.7629,163.6737,166.2,33949.0,5718176.09
2026-05-12,164.8449,169.5783,159.3759,160.247,68851.0,11310248.25
2026-05-13,160.247,164.0705,160.1696,161.6409,13522.0,2185057.33
2026-05-14,164.0705,166.7808,156.1332,157.7787,63525.0,10115650.35
2026-05-15,157.7787,160.8665,156.8108,158.3886,16333.0,2593322.79
2026-05-18,158.3886,158.7467,152.2613,156.8204,27088.0,4199809.33
2026-05-19,158.6499,178.59,158.6112,173.576,140492.0,23756774.76
2026-05-20,181.9779,182.5103,172.7822,174.9408,344162.0,61965464.43
2026-05-21,175.0957,176.1798,169.4911,171.4271,69320.0,11950003.41
2026-05-22,188.7537,188.7537,177.1284,178.2512,236904.0,42965518.86
2026-05-25,183.9139,187.7857,179.5774,186.1886,172257.0,31776289.12
2026-05-26,188.7537,199.4013,186.8178,196.42,318273.0,61793104.26
2026-05-27,198.0,199.45,192.45,193.18,126135.0,24643493.3
2026-05-29,192.0,193.85,185.55,186.46,66283.0,12455694.43
2026-06-01,190.0,190.99,183.62,184.46,48076.0,8902661.04
2026-06-02,182.8,185.79,181.71,183.68,43901.0,8052563.08
2026-06-03,186.23,186.23,180.62,184.35,33711.0,6174200.92
2026-06-04,184.35,186.59,182.8,183.59,46245.0,8536904.04
2026-06-05,186.0,214.45,184.21,207.88,3482032.0,722608501.18
2026-06-08,205.81,207.71,196.0,197.9,173089.0,35026838.59
2026-06-09,195.89,209.4,195.89,205.94,190752.0,38795339.29
2026-06-10,205.0,207.89,195.0,195.78,109110.0,21692082.79
2026-06-11,195.78,195.79,188.91,189.47,44099.0,8454885.06
2026-06-12,191.27,196.9,191.27,194.92,37129.0,7217596.92
2026-06-15,198.9,200.85,191.67,194.76,47207.0,9297432.66
2026-06-16,196.21,198.95,190.2,192.54,49349.0,9577106.2
2026-06-17,192.54,195.0,191.7,193.27,34167.0,6595670.14
2026-06-18,193.4,201.14,193.05,194.98,39872.0,7818090.43
2026-06-19,194.98,195.49,190.41,192.6,48579.0,9365613.67
2026-06-22,194.79,199.0,193.5,196.19,47060.0,9232405.13
2026-06-23,197.2,207.3,195.2,204.73,228101.0,46407963.63
2026-06-24,203.55,204.76,197.0,203.14,42346.0,8545805.15
2026-06-25,203.2,204.21,181.7,189.1,150015.0,28826422.26
2026-06-29,189.1,192.9,187.0,188.99,13464.0,2549536.35
2026-06-30,186.55,194.0,180.25,186.18,21327.0,3934870.48
2026-07-01,189.0,191.9,185.0,187.99,8290.0,1569450.32
2026-07-02,187.99,192.0,185.05,188.08,10222.0,1912433.16
2026-07-03,191.0,193.7,184.0,186.85,20056.0,3744475.5
2026-07-06,186.0,189.9,178.0,183.66,21287.0,3908444.07
2026-07-07,184.97,184.97,179.2,182.96,13083.0,2394669.06
2026-07-08,180.2,184.0,179.05,181.0,18507.0,3354446.4
2026-07-09,181.1,184.0,179.0,182.91,10515.0,1913430.54
2026-07-10,182.91,187.0,182.91,184.0,15124.0,2782090.31
2026-07-13,183.0,187.0,180.3,184.16,10268.0,1889708.43
2026-07-14,185.0,187.0,181.5,183.56,8374.0,1543365.17
2026-07-15,187.0,187.0,182.4,183.45,6171.0,1132373.18
2026-07-16,185.0,185.0,179.61,184.25,15722.0,2877693.78
2026-07-17,184.95,189.25,180.1,181.4,11954.0,2202064.33
2026-07-20,180.0,184.99,180.0,182.14,3469.0,632296.43
2026-07-21,186.75,186.75,180.0,181.06,8521.0,1553406.17
2026-07-22,181.9,184.99,173.01,177.33,13426.0,2390347.76
2026-07-23,177.99,179.9,175.0,177.47,9196.0,1630110.29
2026-07-24,172.8,181.8,172.8,176.53,10751.0,1901730.83
2026-07-27,176.53,182.3,175.5,177.98,23751.0,4239061.26
2026-07-28,177.98,177.98,175.01,175.91,8802.0,1554525.3
2026-07-29,179.98,179.98,171.0,176.05,8817.0,1546972.7
2026-07-30,176.05,176.9,173.0,173.44,8209.0,1436373.78
2026-07-31,176.2,179.9,173.0,175.51,13007.0,2306383.16
2026-08-03,184.0,184.28,177.0,184.09,28460.0,5205733.81
2026-08-04,193.29,193.29,193.29,193.29,26608.0,5143060.32
2026-08-05,202.95,202.95,192.0,197.14,79530.0,15859799.22
2026-08-06,196.9,196.9,192.0,192.62,14424.0,2782707.9
2026-08-07,188.6,192.95,188.6,190.05,21112.0,4022392.79
2026-08-10,191.2,194.9,191.0,191.59,15887.0,3075752.99
2026-08-11,189.6,193.0,188.01,189.55,10880.0,2065712.43
2026-08-12,191.6,195.7,189.5,192.3,10227.0,1951663.48
2026-08-13,189.8,195.1,189.5,191.26,8369.0,1600503.21
2026-08-14,190.0,192.89,188.52,191.14,13896.0,2644029.91
2026-08-17,191.4,191.4,186.0,189.0,11126.0,2088022.39
2026-08-18,188.0,190.6,185.51,189.36,10193.0,1920109.33
2026-08-19,191.4,191.4,186.11,187.8,10218.0,1918092.5
2026-08-20,185.0,189.5,185.0,187.73,6510.0,1215620.54
2026-08-21,187.0,187.99,184.01,185.48,17944.0,3332475.38
2026-08-24,188.75,193.49,188.75,192.93,40553.0,7811859.76
2026-08-25,194.0,200.0,194.0,198.82,38109.0,7476296.27
2026-08-26,199.99,203.0,195.0,201.15,23300.0,4674291.94
2026-08-27,197.0,201.15,197.0,200.68,13476.0,2683316.59
2026-08-28,196.0,201.99,196.0,199.54,14296.0,2842035.35
2026-08-31,200.8,205.0,198.0,200.76,30197.0,6073961.27
2026-09-01,200.76,203.0,196.9,199.32,26158.0,5214330.63
2026-09-02,198.0,200.37,195.32,199.61,15863.0,3131713.89
2026-09-03,202.25,202.25,196.05,201.29,23913.0,4796737.59
2026-09-04,201.95,202.4,197.55,198.38,14633.0,2915702.51
2026-09-07,200.0,201.9,196.0,199.56,24267.0,4836516.63
2026-09-08,200.0,209.53,198.03,209.53,88574.0,18314636.61
2026-09-09,212.53,220.0,212.0,220.0,139577.0,30430427.26
2026-09-10,228.2,228.2,209.0,213.61,125537.0,27452025.01
2026-09-11,210.1,222.0,205.25,217.23,61940.0,13331007.4
2026-09-15,219.01,224.5,211.3,213.88,72440.0,15818431.65
2026-09-16,216.9,217.99,204.01,212.1,37182.0,7785693.8
2026-09-17,215.8,218.0,210.3,214.77,36760.0,7909761.46
2026-09-18,217.0,222.04,214.0,216.36,40049.0,8731972.64
2026-09-21,216.36,227.0,216.36,225.8,80483.0,17897420.24
2026-09-22,225.8,235.0,224.68,227.4,64232.0,14722825.73
2026-09-23,225.0,230.99,225.0,228.66,24935.0,5674833.22
2026-09-24,225.1,235.0,225.1,228.08,38636.0,8869622.41
2026-09-25,226.0,233.0,225.1,227.84,30935.0,7018389.63
2026-09-28,232.0,233.99,220.28,220.81,89506.0,20124597.26
2026-09-29,221.55,222.92,211.0,213.81,42417.0,9137344.58
2026-09-30,212.1,221.37,212.1,217.28,27761.0,6043170.34
2026-10-01,217.92,223.47,210.87,215.93,75163.0,16333031.91
2026-10-05,218.0,223.0,211.21,213.86,41413.0,9015628.39
2026-10-06,214.05,219.89,214.05,217.4,31102.0,6763156.92
2026-10-07,217.4,222.8,215.61,220.59,43863.0,9659514.36
2026-10-08,222.16,222.87,213.76,215.12,47440.0,10274902.5
